Touristenstellplätze,weiter Unterküfte,kleiner Platz (<80 m2),mittlerer Platz  (~100 m2),grosser Platz (>110 m2),Stellplatz am Wasser,Behindertengerechter Zugang,Haustierfreundlichkeit,Waschmaschine und Trockner,Aufenthaltsraum,Gemeinschaftsküche,Grillplatz,Gastronomie,Shop,Hallenbad,Freibad,Bademöglichkeit,Babypool,Sportplatz,Tennis,Wifi,Spielplatz,Unterhaltungsprogramm,Bootsvermietung,Fahrradvermietung,Öffnungszeit[%],Preis,Informationsstelle,Sternebewertung,Mitgliedschaften,Region Berner-Mitelland,Region Berner-Oberland,Region Freiburg-Neuenburg-Jura,Region Graubuenden,Region Nordwestschweiz,Region Ostschweiz,Region Tessin,Region Waadt-Genfersee,Region Wallis,Region Zentralschweiz,Region Zuerich,Hauptsaison,Nebensaison,Wandern,Strandzugang,Aktivitäten,Bahnhof,Busstation
35.0,1,1,0,0,0,0,1,1,1,0,1,0,0,0,0,0,0,0,0,1,1,0,0,1,1.0,38.0,1,2,1,0,0,0,1,0,0,0,0,0,0,0,1,0,1,1,8,0,1
35.0,1,0,1,0,0,0,1,1,1,0,1,0,0,0,0,0,0,0,0,1,1,0,0,1,1.0,43.0,1,2,1,0,0,0,1,0,0,0,0,0,0,0,1,0,1,1,8,0,1
35.0,1,1,0,0,0,0,1,1,1,0,1,0,0,0,0,0,0,0,0,1,1,0,0,1,1.0,40.0,1,2,1,0,0,0,1,0,0,0,0,0,0,0,0,1,1,1,8,0,1
35.0,1,0,1,0,0,0,1,1,1,0,1,0,0,0,0,0,0,0,0,1,1,0,0,1,1.0,45.0,1,2,1,0,0,0,1,0,0,0,0,0,0,0,0,1,1,1,8,0,1
70.0,1,1,0,0,0,1,1,1,0,1,1,1,0,0,0,0,0,0,0,1,1,0,0,1,1.0,37.0,1,3,1,0,0,0,1,0,0,0,0,0,0,0,1,0,1,0,7,1,1
70.0,1,1,0,0,0,1,1,1,0,1,1,1,0,0,0,0,0,0,0,1,1,0,0,1,1.0,39.0,1,3,1,0,0,0,1,0,0,0,0,0,0,0,0,1,1,0,7,1,1
50.0,1,0,1,0,0,0,0,1,0,0,0,0,0,0,0,0,0,0,0,0,0,0,0,0,0.58,36.5,1,3,2,0,0,0,1,0,0,0,0,0,0,0,1,0,1,0,3,1,0
50.0,1,1,0,0,0,0,0,1,0,0,0,0,0,0,0,0,0,0,0,0,0,0,0,0,0.58,34.0,1,3,2,0,0,0,1,0,0,0,0,0,0,0,0,1,1,0,3,1,0
30.0,1,1,0,0,0,0,1,1,0,0,1,1,1,0,0,0,0,0,0,1,1,0,0,0,0.99,42.5,1,3,1,0,0,0,1,0,0,0,0,0,0,0,1,0,1,1,6,0,1
30.0,1,0,1,0,0,0,1,1,0,0,1,1,1,0,0,0,0,0,0,1,1,0,0,0,0.99,57.5,1,3,1,0,0,0,1,0,0,0,0,0,0,0,1,0,1,1,6,0,1
30.0,1,1,0,0,0,0,1,1,0,0,1,1,1,0,0,0,0,0,0,1,1,0,0,0,0.99,37.5,1,3,1,0,0,0,1,0,0,0,0,0,0,0,0,1,1,1,6,0,1
30.0,1,0,1,0,0,0,1,1,0,0,1,1,1,0,0,0,0,0,0,1,1,0,0,0,0.99,52.5,1,3,1,0,0,0,1,0,0,0,0,0,0,0,0,1,1,1,6,0,1
100.0,1,1,0,0,0,0,1,1,0,0,0,0,0,0,0,0,0,0,0,0,0,0,0,0,0.5,27.5,0,3,1,0,0,0,1,0,0,0,0,0,0,0,1,1,0,1,5,0,0
65.0,1,1,0,0,0,1,1,1,1,0,1,1,0,0,0,0,1,0,0,1,1,0,0,1,0.73,30.7,1,4,2,0,0,0,1,0,0,0,0,0,0,0,1,1,1,1,1,0,1
65.0,1,0,1,0,0,1,1,1,1,0,1,1,0,0,0,0,1,0,0,1,1,0,0,1,0.73,29.4,1,4,2,0,0,0,1,0,0,0,0,0,0,0,1,1,1,1,1,0,1
45.0,0,1,0,0,1,0,0,1,0,0,0,1,0,0,0,1,0,0,0,0,1,0,0,0,0.54,51.4,0,3,1,0,0,0,0,0,1,0,0,0,0,0,1,0,1,1,11,1,1
45.0,0,1,0,0,1,0,0,1,0,0,0,1,0,0,0,1,0,0,0,0,1,0,0,0,0.54,46.4,0,3,1,0,0,0,0,0,1,0,0,0,0,0,0,1,1,1,11,1,1
60.0,1,1,0,0,0,0,1,1,0,0,0,1,1,0,0,0,0,0,0,0,0,0,0,0,1.0,37.5,1,4,1,0,0,0,0,0,1,0,0,0,0,0,1,1,1,0,11,1,0
60.0,1,0,1,0,0,0,1,1,0,0,0,1,1,0,0,0,0,0,0,0,0,0,0,0,1.0,42.5,1,4,1,0,0,0,0,0,1,0,0,0,0,0,1,1,1,0,11,1,0
40.0,0,1,0,0,0,1,1,1,1,1,1,0,1,0,0,0,0,0,0,1,1,0,0,1,1.0,27.0,1,4,1,0,0,0,0,0,1,0,0,0,0,0,1,1,1,0,2,0,1
40.0,1,1,0,0,0,1,1,1,1,1,1,1,1,0,1,1,1,0,0,1,1,0,1,1,0.6,41.0,1,4,1,0,0,0,0,0,1,0,0,0,0,0,1,0,1,1,7,1,1
40.0,1,0,1,0,0,1,1,1,1,1,1,1,1,0,1,1,1,0,0,1,1,0,1,1,0.6,43.0,1,4,1,0,0,0,0,0,1,0,0,0,0,0,1,0,1,1,7,1,1
40.0,1,1,0,0,0,1,1,1,1,1,1,1,1,0,1,1,1,0,0,1,1,0,1,1,0.6,35.5,1,4,1,0,0,0,0,0,1,0,0,0,0,0,0,1,1,1,7,1,1
40.0,1,0,1,0,0,1,1,1,1,1,1,1,1,0,1,1,1,0,0,1,1,0,1,1,0.6,37.0,1,4,1,0,0,0,0,0,1,0,0,0,0,0,0,1,1,1,7,1,1
60.0,1,1,0,0,0,1,1,1,1,1,1,1,1,0,1,1,1,0,0,0,1,0,0,1,0.55,37.5,1,5,1,0,0,0,0,0,1,0,0,0,0,0,0,1,0,1,8,1,1
60.0,1,0,1,0,0,1,1,1,1,1,1,1,1,0,1,1,1,0,0,0,1,0,0,1,0.55,43.5,1,5,1,0,0,0,0,0,1,0,0,0,0,0,0,1,0,1,8,1,1
60.0,1,0,0,1,0,1,1,1,1,1,1,1,1,0,1,1,1,0,0,0,1,0,0,1,0.55,48.5,1,5,1,0,0,0,0,0,1,0,0,0,0,0,0,1,0,1,8,1,1
60.0,1,1,0,0,0,1,1,1,1,1,1,1,1,0,1,1,1,0,0,0,1,0,0,1,0.55,43.5,1,5,1,0,0,0,0,0,1,0,0,0,0,0,1,0,0,1,8,1,1
60.0,1,0,1,0,0,1,1,1,1,1,1,1,1,0,1,1,1,0,0,0,1,0,0,1,0.55,51.5,1,5,1,0,0,0,0,0,1,0,0,0,0,0,1,0,0,1,8,1,1
60.0,1,0,0,1,0,1,1,1,1,1,1,1,1,0,1,1,1,0,0,0,1,0,0,1,0.55,56.5,1,5,1,0,0,0,0,0,1,0,0,0,0,0,1,0,0,1,8,1,1
40.0,0,1,0,0,0,1,1,1,1,0,1,1,1,0,0,1,0,0,0,0,1,0,1,0,0.55,28.5,1,0,1,0,0,0,0,0,0,0,0,0,0,1,0,1,1,1,11,0,1
40.0,0,0,1,0,1,1,1,1,1,0,1,1,1,0,0,1,0,0,0,0,1,0,1,0,0.55,34.5,1,0,1,0,0,0,0,0,0,0,0,0,0,1,0,1,1,1,11,0,1
40.0,0,1,0,0,0,1,1,1,1,0,1,1,1,0,0,1,0,0,0,0,1,0,1,0,0.55,32.5,1,0,1,0,0,0,0,0,0,0,0,0,0,1,1,0,1,1,11,0,1
40.0,0,0,1,0,1,1,1,1,1,0,1,1,1,0,0,1,0,0,0,0,1,0,1,0,0.55,42.5,1,0,1,0,0,0,0,0,0,0,0,0,0,1,1,0,1,1,11,0,1
60.0,1,1,0,0,0,1,1,1,1,0,1,1,1,0,1,1,1,0,0,1,1,0,0,0,0.67,31.7,0,3,2,0,0,0,0,0,0,0,0,0,1,0,0,1,1,1,10,0,1
60.0,1,0,1,0,0,1,1,1,1,0,1,1,1,0,1,1,1,0,0,1,1,0,0,0,0.67,39.2,0,3,2,0,0,0,0,0,0,0,0,0,1,0,0,1,1,1,10,0,1
60.0,1,1,0,0,0,1,1,1,1,0,1,1,1,0,1,1,1,0,0,1,1,0,0,0,0.67,36.7,0,3,2,0,0,0,0,0,0,0,0,0,1,0,1,0,1,1,10,0,1
60.0,1,0,1,0,0,1,1,1,1,0,1,1,1,0,1,1,1,0,0,1,1,0,0,0,0.67,44.2,0,3,2,0,0,0,0,0,0,0,0,0,1,0,1,0,1,1,10,0,1
20.0,1,0,1,0,0,0,0,1,1,1,0,0,1,0,0,0,0,0,0,1,1,0,0,1,0.99,29.0,1,3,0,0,0,0,0,0,0,0,0,0,1,0,1,1,1,0,11,0,1
135.0,1,0,1,0,0,1,1,1,1,0,1,1,0,0,0,0,0,0,0,1,0,0,1,1,1.0,40.35,1,4,1,0,0,0,0,0,0,0,0,0,1,0,1,0,0,1,11,1,1
135.0,1,1,0,0,0,1,1,1,1,0,1,1,0,0,0,0,0,0,0,1,0,0,1,1,1.0,50.35,1,4,1,0,0,0,0,0,0,0,0,0,1,0,1,0,0,1,11,1,1
135.0,1,0,1,0,0,1,1,1,1,0,1,1,0,0,0,0,0,0,0,1,0,0,1,1,1.0,37.95,1,4,1,0,0,0,0,0,0,0,0,0,1,0,0,1,0,1,11,1,1
135.0,1,1,0,0,0,1,1,1,1,0,1,1,0,0,0,0,0,0,0,1,0,0,1,1,1.0,47.95,1,4,1,0,0,0,0,0,0,0,0,0,1,0,0,1,0,1,11,1,1
132.0,1,1,0,0,0,1,1,1,1,0,1,1,1,0,1,1,1,0,0,1,1,0,1,1,1.0,55.0,1,5,1,0,0,0,0,0,0,0,0,0,1,0,1,0,1,1,5,1,1
132.0,1,0,1,0,0,1,1,1,1,0,1,1,1,0,1,1,1,0,0,1,1,0,1,1,1.0,63.0,1,5,1,0,0,0,0,0,0,0,0,0,1,0,1,0,1,1,5,1,1
132.0,1,0,1,0,1,1,1,1,1,0,1,1,1,0,1,1,1,0,0,1,1,0,1,1,1.0,67.0,1,5,1,0,0,0,0,0,0,0,0,0,1,0,1,0,1,1,5,1,1
132.0,1,1,0,0,0,1,1,1,1,0,1,1,1,0,1,1,1,0,0,1,1,0,1,1,1.0,47.0,1,5,1,0,0,0,0,0,0,0,0,0,1,0,0,1,1,1,5,1,1
132.0,1,0,1,0,0,1,1,1,1,0,1,1,1,0,1,1,1,0,0,1,1,0,1,1,1.0,54.0,1,5,1,0,0,0,0,0,0,0,0,0,1,0,0,1,1,1,5,1,1
132.0,1,0,1,0,1,1,1,1,1,0,1,1,1,0,1,1,1,0,0,1,1,0,1,1,1.0,59.0,1,5,1,0,0,0,0,0,0,0,0,0,1,0,0,1,1,1,5,1,1
100.0,1,1,0,0,0,1,1,1,1,0,1,1,1,0,0,1,0,0,0,1,1,0,1,1,0.56,38.0,1,4,2,0,0,0,0,0,0,0,0,0,1,0,1,0,1,1,5,1,1
100.0,1,1,0,0,0,1,1,1,1,0,1,1,1,0,0,1,0,0,0,1,1,0,1,1,0.56,34.0,1,4,2,0,0,0,0,0,0,0,0,0,1,0,0,1,1,1,5,1,1
127.0,1,1,0,0,0,0,0,1,0,0,0,0,0,0,0,0,0,0,0,0,0,0,1,1,1.0,35.3,0,5,1,0,1,0,0,0,0,0,0,0,0,0,1,0,0,1,11,1,1
127.0,1,0,1,0,0,0,0,1,0,0,0,0,0,0,0,0,0,0,0,0,0,0,1,1,1.0,38.3,0,5,1,0,1,0,0,0,0,0,0,0,0,0,1,0,0,1,11,1,1
127.0,1,0,0,1,0,0,0,1,0,0,0,0,0,0,0,0,0,0,0,0,0,0,1,1,1.0,39.3,0,5,1,0,1,0,0,0,0,0,0,0,0,0,1,0,0,1,11,1,1
127.0,1,0,1,0,1,0,0,1,0,0,0,0,0,0,0,0,0,0,0,0,0,0,1,1,1.0,57.3,0,5,1,0,1,0,0,0,0,0,0,0,0,0,1,0,0,1,11,1,1
127.0,1,0,0,1,1,0,0,1,0,0,0,0,0,0,0,0,0,0,0,0,0,0,1,1,1.0,69.3,0,5,1,0,1,0,0,0,0,0,0,0,0,0,1,0,0,1,11,1,1
127.0,1,1,0,0,0,0,0,1,0,0,0,0,0,0,0,0,0,0,0,0,0,0,1,1,1.0,29.6,0,5,1,0,1,0,0,0,0,0,0,0,0,0,0,1,0,1,11,1,1
127.0,1,0,1,0,0,0,0,1,0,0,0,0,0,0,0,0,0,0,0,0,0,0,1,1,1.0,32.0,0,5,1,0,1,0,0,0,0,0,0,0,0,0,0,1,0,1,11,1,1
127.0,1,0,0,1,0,0,0,1,0,0,0,0,0,0,0,0,0,0,0,0,0,0,1,1,1.0,32.8,0,5,1,0,1,0,0,0,0,0,0,0,0,0,0,1,0,1,11,1,1
127.0,1,0,1,0,1,0,0,1,0,0,0,0,0,0,0,0,0,0,0,0,0,0,1,1,1.0,47.2,0,5,1,0,1,0,0,0,0,0,0,0,0,0,0,1,0,1,11,1,1
127.0,1,0,0,1,1,0,0,1,0,0,0,0,0,0,0,0,0,0,0,0,0,0,1,1,1.0,56.8,0,5,1,0,1,0,0,0,0,0,0,0,0,0,0,1,0,1,11,1,1
90.0,1,1,0,0,0,1,1,1,1,1,1,0,1,0,1,1,0,0,0,1,1,0,1,1,0.47,46.8,1,4,1,0,1,0,0,0,0,0,0,0,0,0,0,1,1,1,11,1,1
90.0,1,1,0,0,0,1,1,1,1,1,1,0,1,0,1,1,0,0,0,1,1,0,1,1,0.47,54.8,1,4,1,0,1,0,0,0,0,0,0,0,0,0,1,0,1,1,11,1,1
40.0,1,1,0,0,0,0,0,0,0,0,0,0,0,0,0,0,0,0,0,0,0,0,0,0,0.83,30.0,1,3,2,0,1,0,0,0,0,0,0,0,0,0,0,1,1,1,11,1,1
40.0,1,1,0,0,0,0,0,0,0,0,0,0,0,0,0,0,0,0,0,0,0,0,0,0,0.83,30.0,1,3,2,0,1,0,0,0,0,0,0,0,0,0,1,0,1,1,11,1,1
127.0,1,1,0,0,0,0,0,1,0,0,0,1,1,0,0,0,0,0,0,0,1,0,0,0,0.58,40.0,1,5,1,0,1,0,0,0,0,0,0,0,0,0,0,1,1,0,9,1,1
127.0,1,0,1,0,0,0,0,1,0,0,0,1,1,0,0,0,0,0,0,0,1,0,0,0,0.58,50.0,1,5,1,0,1,0,0,0,0,0,0,0,0,0,0,1,1,0,9,1,1
127.0,1,1,0,0,1,0,0,1,0,0,0,1,1,0,0,0,0,0,0,0,1,0,0,0,0.58,55.0,1,5,1,0,1,0,0,0,0,0,0,0,0,0,0,1,1,0,9,1,1
127.0,1,0,1,0,1,0,0,1,0,0,0,1,1,0,0,0,0,0,0,0,1,0,0,0,0.58,60.0,1,5,1,0,1,0,0,0,0,0,0,0,0,0,0,1,1,0,9,1,1
127.0,1,1,0,0,0,0,0,1,0,0,0,1,1,0,0,0,0,0,0,0,1,0,0,0,0.58,47.0,1,5,1,0,1,0,0,0,0,0,0,0,0,0,1,0,1,0,9,1,1
127.0,1,0,1,0,0,0,0,1,0,0,0,1,1,0,0,0,0,0,0,0,1,0,0,0,0.58,62.0,1,5,1,0,1,0,0,0,0,0,0,0,0,0,1,0,1,0,9,1,1
127.0,1,1,0,0,1,0,0,1,0,0,0,1,1,0,0,0,0,0,0,0,1,0,0,0,0.58,64.0,1,5,1,0,1,0,0,0,0,0,0,0,0,0,1,0,1,0,9,1,1
127.0,1,0,1,0,1,0,0,1,0,0,0,1,1,0,0,0,0,0,0,0,1,0,0,0,0.58,69.0,1,5,1,0,1,0,0,0,0,0,0,0,0,0,1,0,1,0,9,1,1
100.0,1,1,0,0,0,1,1,1,1,1,1,1,1,0,0,0,0,0,0,1,1,0,0,1,0.58,33.5,0,3,1,0,1,0,0,0,0,0,0,0,0,0,1,1,1,1,11,1,1
100.0,1,0,1,0,0,1,1,1,1,1,1,1,1,0,0,0,0,0,0,1,1,0,0,1,0.58,43.5,0,3,1,0,1,0,0,0,0,0,0,0,0,0,1,1,1,1,11,1,1
34.0,1,1,0,0,0,1,1,1,1,1,1,1,1,0,0,0,0,0,0,1,1,0,0,0,1.0,33.5,0,4,1,0,1,0,0,0,0,0,0,0,0,0,1,0,1,1,11,1,1
34.0,1,0,1,0,0,1,1,1,1,1,1,1,1,0,0,0,0,0,0,1,1,0,0,0,1.0,41.5,0,4,1,0,1,0,0,0,0,0,0,0,0,0,1,0,1,1,11,1,1
34.0,1,1,0,0,0,1,1,1,1,1,1,1,1,0,0,0,0,0,0,1,1,0,0,0,1.0,31.5,0,4,1,0,1,0,0,0,0,0,0,0,0,0,0,1,1,1,11,1,1
34.0,1,0,1,0,0,1,1,1,1,1,1,1,1,0,0,0,0,0,0,1,1,0,0,0,1.0,35.5,0,4,1,0,1,0,0,0,0,0,0,0,0,0,0,1,1,1,11,1,1
65.0,0,0,1,0,0,0,1,1,0,0,0,0,0,0,0,0,0,0,0,1,1,0,0,1,1.0,26.8,1,4,2,0,1,0,0,0,0,0,0,0,0,0,0,1,1,1,6,1,0
65.0,0,0,0,1,0,0,1,1,0,0,0,0,0,0,0,0,0,0,0,1,1,0,0,1,1.0,28.8,1,4,2,0,1,0,0,0,0,0,0,0,0,0,0,1,1,1,6,1,0
65.0,0,0,1,0,0,0,1,1,0,0,0,0,0,0,0,0,0,0,0,1,1,0,0,1,1.0,30.2,1,4,2,0,1,0,0,0,0,0,0,0,0,0,1,0,1,1,6,1,0
65.0,0,0,0,1,0,0,1,1,0,0,0,0,0,0,0,0,0,0,0,1,1,0,0,1,1.0,32.2,1,4,2,0,1,0,0,0,0,0,0,0,0,0,1,0,1,1,6,1,0
75.0,1,1,0,0,0,1,1,1,1,0,1,1,1,1,1,1,1,1,1,1,1,0,0,1,1.0,37.7,1,4,2,0,1,0,0,0,0,0,0,0,0,0,0,1,1,1,5,1,1
75.0,1,0,1,0,0,1,1,1,1,0,1,1,1,1,1,1,1,1,1,1,1,0,0,1,1.0,40.7,1,4,2,0,1,0,0,0,0,0,0,0,0,0,0,1,1,1,5,1,1
75.0,1,0,0,1,0,1,1,1,1,0,1,1,1,1,1,1,1,1,1,1,1,0,0,1,1.0,45.7,1,4,2,0,1,0,0,0,0,0,0,0,0,0,0,1,1,1,5,1,1
75.0,1,1,0,0,0,1,1,1,1,0,1,1,1,1,1,1,1,1,1,1,1,0,0,1,1.0,49.7,1,4,2,0,1,0,0,0,0,0,0,0,0,0,1,0,1,1,5,1,1
75.0,1,0,1,0,0,1,1,1,1,0,1,1,1,1,1,1,1,1,1,1,1,0,0,1,1.0,52.7,1,4,2,0,1,0,0,0,0,0,0,0,0,0,1,0,1,1,5,1,1
75.0,1,0,0,1,0,1,1,1,1,0,1,1,1,1,1,1,1,1,1,1,1,0,0,1,1.0,57.7,1,4,2,0,1,0,0,0,0,0,0,0,0,0,1,0,1,1,5,1,1
15.0,1,1,0,0,0,0,1,1,0,0,0,0,0,0,0,0,0,0,0,0,0,0,0,0,1.0,27.2,1,4,1,0,1,0,0,0,0,0,0,0,0,0,0,1,0,1,3,1,1
15.0,1,1,0,0,0,0,1,1,0,0,0,0,0,0,0,0,0,0,0,0,0,0,0,0,1.0,27.7,1,4,1,0,1,0,0,0,0,0,0,0,0,0,1,0,0,1,3,1,1
60.0,1,1,0,0,0,0,0,0,0,0,0,0,0,0,0,0,0,0,0,0,0,0,0,0,0.58,27.0,0,4,1,0,0,1,0,0,0,0,0,0,0,0,0,1,1,1,11,1,1
60.0,1,0,1,0,0,0,0,0,0,0,0,0,0,0,0,0,0,0,0,0,0,0,0,0,0.58,35.0,0,4,1,0,0,1,0,0,0,0,0,0,0,0,0,1,1,1,11,1,1
60.0,1,1,0,0,0,0,0,0,0,0,0,0,0,0,0,0,0,0,0,0,0,0,0,0,0.58,30.5,0,4,1,0,0,1,0,0,0,0,0,0,0,0,1,0,1,1,11,1,1
60.0,1,0,1,0,0,0,0,0,0,0,0,0,0,0,0,0,0,0,0,0,0,0,0,0,0.58,40.0,0,4,1,0,0,1,0,0,0,0,0,0,0,0,1,0,1,1,11,1,1
46.0,1,1,0,0,0,0,1,1,0,1,1,1,0,0,1,0,1,1,0,1,1,1,0,1,0.42,31.2,1,4,0,0,0,1,0,0,0,0,0,0,0,0,1,1,1,1,7,1,1
33.0,1,1,0,0,0,1,1,1,1,1,1,1,0,0,0,0,0,0,1,1,1,0,0,0,1.0,25.0,1,4,1,0,0,1,0,0,0,0,0,0,0,0,0,1,1,1,4,1,0
33.0,1,1,0,0,0,1,1,1,1,1,1,1,0,0,0,0,0,0,1,1,1,0,0,0,1.0,28.0,1,4,1,0,0,1,0,0,0,0,0,0,0,0,1,0,1,1,4,1,0
127.0,1,1,0,0,0,1,1,1,0,1,0,1,1,0,0,1,1,0,0,1,1,0,1,1,0.67,39.2,1,4,1,0,0,1,0,0,0,0,0,0,0,0,0,1,1,1,4,1,1
127.0,1,0,1,0,0,1,1,1,0,1,0,1,1,0,0,1,1,0,0,1,1,0,1,1,0.67,42.2,1,4,1,0,0,1,0,0,0,0,0,0,0,0,0,1,1,1,4,1,1
127.0,1,0,0,1,0,1,1,1,0,1,0,1,1,0,0,1,1,0,0,1,1,0,1,1,0.67,44.2,1,4,1,0,0,1,0,0,0,0,0,0,0,0,0,1,1,1,4,1,1
127.0,1,1,0,0,0,1,1,1,0,1,0,1,1,0,0,1,1,0,0,1,1,0,1,1,0.67,49.2,1,4,1,0,0,1,0,0,0,0,0,0,0,0,1,0,1,1,4,1,1
127.0,1,0,1,0,0,1,1,1,0,1,0,1,1,0,0,1,1,0,0,1,1,0,1,1,0.67,51.2,1,4,1,0,0,1,0,0,0,0,0,0,0,0,1,0,1,1,4,1,1
127.0,1,0,0,1,0,1,1,1,0,1,0,1,1,0,0,1,1,0,0,1,1,0,1,1,0.67,53.2,1,4,1,0,0,1,0,0,0,0,0,0,0,0,1,0,1,1,4,1,1
150.0,1,1,0,0,0,0,1,1,0,1,0,1,1,0,1,1,1,0,1,1,1,0,0,1,0.54,36.2,1,4,0,0,0,1,0,0,0,0,0,0,0,0,1,1,1,1,2,1,1
70.0,0,1,0,0,0,0,0,1,0,0,0,1,1,0,0,0,0,0,0,0,1,0,0,0,0.54,30.5,0,4,1,0,0,1,0,0,0,0,0,0,0,0,1,1,1,1,2,0,1
127.0,1,1,0,0,0,0,1,0,0,0,0,1,1,0,0,0,0,0,0,0,1,0,0,0,0.33,32.0,1,4,0,0,0,0,0,0,0,0,1,0,0,0,0,1,1,0,8,1,1
127.0,1,1,0,0,0,0,1,0,0,0,0,1,1,0,0,0,0,0,0,0,1,0,0,0,0.33,33.0,1,4,0,0,0,0,0,0,0,0,1,0,0,0,1,0,1,0,8,1,1
130.0,1,0,1,0,0,1,1,1,1,1,1,1,1,0,0,1,0,0,0,1,1,1,1,1,0.53,32.55,1,4,1,0,0,0,0,0,0,0,1,0,0,0,0,1,1,1,7,1,1
130.0,1,0,1,0,0,1,1,1,1,1,1,1,1,0,0,1,0,0,0,1,1,1,1,1,0.53,38.55,1,4,1,0,0,0,0,0,0,0,1,0,0,0,1,0,1,1,7,1,1
250.0,0,1,0,0,0,1,1,1,0,0,0,1,1,0,0,1,0,0,0,1,1,1,0,0,0.49,32.3,0,0,0,0,0,0,0,0,0,0,1,0,0,0,0,1,0,1,8,1,1
250.0,0,1,0,0,0,1,1,1,0,0,0,1,1,0,0,1,0,0,0,1,1,1,0,0,0.49,40.3,0,0,0,0,0,0,0,0,0,0,1,0,0,0,1,0,0,1,8,1,1
70.0,0,0,1,0,0,1,1,1,0,0,1,1,1,0,0,1,0,0,0,1,1,0,0,0,1.0,19.0,1,4,0,0,0,0,0,0,0,0,1,0,0,0,1,1,1,1,11,0,0
127.0,1,1,0,0,0,0,1,1,0,1,1,0,1,0,0,0,0,0,0,0,1,0,0,0,0.5,28.85,1,3,0,0,0,0,0,0,0,0,0,1,0,0,0,1,1,1,11,1,1
127.0,1,1,0,0,0,0,1,1,0,1,1,0,1,0,0,0,0,0,0,0,1,0,0,0,0.5,34.65,1,3,0,0,0,0,0,0,0,0,0,1,0,0,1,0,1,1,11,1,1
50.0,1,1,0,0,0,0,1,1,0,0,1,0,0,0,0,0,0,0,0,0,0,0,0,0,1.0,27.5,0,3,0,0,0,0,0,0,0,0,0,1,0,0,0,1,1,1,1,1,1
50.0,1,1,0,0,0,0,1,1,0,0,1,0,0,0,0,0,0,0,0,0,0,0,0,0,1.0,31.0,0,3,0,0,0,0,0,0,0,0,0,1,0,0,1,0,1,1,1,1,1
5.0,0,1,0,0,0,0,1,1,0,0,0,0,0,0,0,0,0,0,0,1,0,0,0,1,1.0,23.6,1,3,0,0,0,0,0,0,0,0,0,1,0,0,1,1,1,0,2,0,1
298.0,1,0,1,0,0,0,1,1,1,0,0,1,1,0,0,0,0,0,0,1,1,0,0,0,0.41,30.6,0,4,0,0,0,0,0,0,0,0,0,1,0,0,1,0,0,1,0,0,1
298.0,1,0,1,0,0,0,1,1,1,0,0,1,1,0,0,0,0,0,0,1,1,0,0,0,0.41,25.6,0,4,0,0,0,0,0,0,0,0,0,1,0,0,0,1,0,1,0,0,1
43.0,1,1,0,0,0,0,1,1,0,0,0,1,1,0,0,1,0,0,0,0,1,0,0,0,1.0,37.0,0,4,0,0,0,0,0,0,0,0,0,1,0,0,1,1,1,0,2,0,1
43.0,1,0,1,0,0,0,1,1,0,0,0,1,1,0,0,1,0,0,0,0,1,0,0,0,1.0,47.0,0,4,0,0,0,0,0,0,0,0,0,1,0,0,1,1,1,0,2,0,1
43.0,1,0,0,1,0,0,1,1,0,0,0,1,1,0,0,1,0,0,0,0,1,0,0,0,1.0,72.0,0,4,0,0,0,0,0,0,0,0,0,1,0,0,1,1,1,0,2,0,1
110.0,1,1,0,0,0,0,0,1,1,0,0,0,0,0,0,0,1,0,0,0,0,0,0,0,1.0,32.2,0,4,0,0,0,0,0,0,0,0,0,1,0,0,1,0,0,1,1,0,1
110.0,1,1,0,0,0,0,0,1,1,0,0,0,0,0,0,0,1,0,0,0,0,0,0,0,1.0,26.9,0,4,0,0,0,0,0,0,0,0,0,1,0,0,0,1,0,1,1,0,1
90.0,1,1,0,0,0,0,1,1,0,0,1,0,1,0,0,0,0,0,0,1,0,0,0,0,0.41,27.2,0,0,0,0,0,0,0,0,0,0,0,1,0,0,0,1,1,1,1,0,1
90.0,1,1,0,0,0,0,1,1,0,0,1,0,1,0,0,0,0,0,0,1,0,0,0,0,0.41,28.6,0,0,0,0,0,0,0,0,0,0,0,1,0,0,1,0,1,1,1,0,1
80.0,1,1,0,0,0,0,1,1,0,0,0,1,1,0,0,0,0,0,0,1,1,0,0,0,0.59,35.0,0,4,1,0,0,0,0,0,0,0,0,1,0,0,1,0,0,1,9,1,1
80.0,1,1,0,0,0,0,1,1,0,0,0,1,1,0,0,0,0,0,0,1,1,0,0,0,0.59,32.08,0,4,1,0,0,0,0,0,0,0,0,1,0,0,0,1,0,1,9,1,1
64.0,0,1,0,0,0,0,1,1,0,0,0,1,1,0,0,0,0,0,0,0,1,0,0,0,0.52,30.3,0,4,0,0,0,0,0,0,0,0,0,1,0,0,0,1,1,0,3,1,1
64.0,0,0,1,0,0,0,1,1,0,0,0,1,1,0,0,0,0,0,0,0,1,0,0,0,0.52,32.3,0,4,0,0,0,0,0,0,0,0,0,1,0,0,0,1,1,0,3,1,1
64.0,0,1,0,0,0,0,1,1,0,0,0,1,1,0,0,0,0,0,0,0,1,0,0,0,0.52,32.3,0,4,0,0,0,0,0,0,0,0,0,1,0,0,1,0,1,0,3,1,1
64.0,0,0,1,0,0,0,1,1,0,0,0,1,1,0,0,0,0,0,0,0,1,0,0,0,0.52,34.3,0,4,0,0,0,0,0,0,0,0,0,1,0,0,1,0,1,0,3,1,1
170.0,0,1,0,0,0,0,1,1,0,0,0,1,1,0,1,0,0,0,0,0,1,0,0,1,0.4,30.7,1,3,0,0,0,0,0,0,0,0,0,1,0,0,0,1,1,1,6,1,1
170.0,0,1,0,0,0,0,1,1,0,0,0,1,1,0,1,0,0,0,0,0,1,0,0,1,0.4,32.7,1,3,0,0,0,0,0,0,0,0,0,1,0,0,1,0,1,1,6,1,1
127.0,0,1,0,0,0,0,0,1,0,0,0,1,0,0,0,0,0,0,0,0,1,0,0,0,0.55,27.2,0,3,0,0,0,0,0,0,0,0,0,1,0,0,1,1,1,0,3,0,1
80.0,1,1,0,0,0,1,1,1,0,0,1,1,1,0,0,0,0,0,0,1,1,0,0,0,0.99,19.0,0,0,1,0,0,0,0,0,0,0,0,1,0,0,0,1,0,1,7,1,1
80.0,1,1,0,0,0,1,1,1,0,0,1,1,1,0,0,0,0,0,0,1,1,0,0,0,0.99,23.0,0,0,1,0,0,0,0,0,0,0,0,1,0,0,1,0,0,1,7,1,1
160.0,1,1,0,0,0,1,1,1,1,1,1,1,1,0,0,0,1,0,0,1,1,1,0,1,0.55,29.0,1,4,1,0,0,0,0,0,0,0,0,1,0,0,1,0,1,1,7,1,1
160.0,1,0,1,0,0,1,1,1,1,1,1,1,1,0,0,0,1,0,0,1,1,1,0,1,0.55,34.0,1,4,1,0,0,0,0,0,0,0,0,1,0,0,1,0,1,1,7,1,1
160.0,1,1,0,0,0,1,1,1,1,1,1,1,1,0,0,0,1,0,0,1,1,1,0,1,0.55,25.0,1,4,1,0,0,0,0,0,0,0,0,1,0,0,0,1,1,1,7,1,1
160.0,1,0,1,0,0,1,1,1,1,1,1,1,1,0,0,0,1,0,0,1,1,1,0,1,0.55,28.0,1,4,1,0,0,0,0,0,0,0,0,1,0,0,0,1,1,1,7,1,1
190.0,1,1,0,0,0,1,1,1,1,0,1,1,1,0,1,1,1,0,0,1,1,1,0,1,0.6,24.4,1,4,1,0,0,0,0,0,0,0,0,1,0,0,0,1,1,1,10,1,1
190.0,1,0,1,0,0,1,1,1,1,0,1,1,1,0,1,1,1,0,0,1,1,1,0,1,0.6,26.4,1,4,1,0,0,0,0,0,0,0,0,1,0,0,0,1,1,1,10,1,1
190.0,1,0,0,1,0,1,1,1,1,0,1,1,1,0,1,1,1,0,0,1,1,1,0,1,0.6,32.4,1,4,1,0,0,0,0,0,0,0,0,1,0,0,0,1,1,1,10,1,1
190.0,1,1,0,0,0,1,1,1,1,0,1,1,1,0,1,1,1,0,0,1,1,1,0,1,0.6,27.2,1,4,1,0,0,0,0,0,0,0,0,1,0,0,1,0,1,1,10,1,1
190.0,1,0,1,0,0,1,1,1,1,0,1,1,1,0,1,1,1,0,0,1,1,1,0,1,0.6,29.2,1,4,1,0,0,0,0,0,0,0,0,1,0,0,1,0,1,1,10,1,1
190.0,1,0,0,1,0,1,1,1,1,0,1,1,1,0,1,1,1,0,0,1,1,1,0,1,0.6,35.2,1,4,1,0,0,0,0,0,0,0,0,1,0,0,1,0,1,1,10,1,1
500.0,1,1,0,0,1,1,1,1,0,0,1,1,1,0,0,0,0,0,0,1,1,0,0,0,0.33,32.0,0,3,0,0,0,0,0,0,0,0,0,1,0,0,1,1,1,1,9,1,1
500.0,1,0,1,0,1,1,1,1,0,0,1,1,1,0,0,0,0,0,0,1,1,0,0,0,0.33,35.0,0,3,0,0,0,0,0,0,0,0,0,1,0,0,1,1,1,1,9,1,1
40.0,0,0,1,0,0,1,1,1,1,0,1,0,0,0,0,0,0,1,1,1,0,0,0,0,0.49,32.3,1,0,3,0,0,0,0,0,0,0,0,1,0,0,0,1,1,1,5,0,1
40.0,0,0,1,0,0,1,1,1,1,0,1,0,0,0,0,0,0,1,1,1,0,0,0,0,0.49,34.3,1,0,3,0,0,0,0,0,0,0,0,1,0,0,1,0,1,1,5,0,1
70.0,1,0,1,0,0,0,1,1,0,0,1,1,1,0,1,1,1,0,0,1,1,1,0,0,0.58,41.3,1,3,3,0,0,0,0,0,0,1,0,0,0,0,1,0,0,1,6,1,1
70.0,1,0,0,1,0,0,1,1,0,0,1,1,1,0,1,1,1,0,0,1,1,1,0,0,0.58,50.3,1,3,3,0,0,0,0,0,0,1,0,0,0,0,1,0,0,1,6,1,1
70.0,1,0,1,0,0,0,1,1,0,0,1,1,1,0,1,1,1,0,0,1,1,1,0,0,0.58,33.3,1,3,3,0,0,0,0,0,0,1,0,0,0,0,0,1,0,1,6,1,1
70.0,1,0,0,1,0,0,1,1,0,0,1,1,1,0,1,1,1,0,0,1,1,1,0,0,0.58,43.3,1,3,3,0,0,0,0,0,0,1,0,0,0,0,0,1,0,1,6,1,1
106.0,0,1,0,0,0,1,0,1,0,0,1,1,1,0,1,1,1,0,0,1,1,0,0,0,0.6,57.3,0,4,1,0,0,0,0,0,0,1,0,0,0,0,1,0,1,1,11,1,1
106.0,0,0,1,0,0,1,0,1,0,0,1,1,1,0,1,1,1,0,0,1,1,0,0,0,0.6,68.3,0,4,1,0,0,0,0,0,0,1,0,0,0,0,1,0,1,1,11,1,1
106.0,0,1,0,0,0,1,0,1,0,0,1,1,1,0,1,1,1,0,0,1,1,0,0,0,0.6,39.3,0,4,1,0,0,0,0,0,0,1,0,0,0,0,0,1,1,1,11,1,1
106.0,0,0,1,0,0,1,0,1,0,0,1,1,1,0,1,1,1,0,0,1,1,0,0,0,0.6,50.3,0,4,1,0,0,0,0,0,0,1,0,0,0,0,0,1,1,1,11,1,1
287.0,1,1,0,0,1,1,0,1,1,0,1,1,1,0,1,1,0,0,0,1,1,1,0,1,0.61,53.0,1,5,1,0,0,0,0,0,0,1,0,0,0,0,0,1,1,1,11,1,1
287.0,1,1,0,0,0,1,0,1,1,0,1,1,1,0,1,1,0,0,0,1,1,1,0,1,0.61,35.0,1,5,1,0,0,0,0,0,0,1,0,0,0,0,0,1,1,1,11,1,1
287.0,1,0,1,0,0,1,0,1,1,0,1,1,1,0,1,1,0,0,0,1,1,1,0,1,0.61,38.0,1,5,1,0,0,0,0,0,0,1,0,0,0,0,0,1,1,1,11,1,1
287.0,1,0,0,1,0,1,0,1,1,0,1,1,1,0,1,1,0,0,0,1,1,1,0,1,0.61,42.0,1,5,1,0,0,0,0,0,0,1,0,0,0,0,0,1,1,1,11,1,1
287.0,1,1,0,0,1,1,0,1,1,0,1,1,1,0,1,1,0,0,0,1,1,1,0,1,0.61,94.0,1,5,1,0,0,0,0,0,0,1,0,0,0,0,1,0,1,1,11,1,1
287.0,1,1,0,0,0,1,0,1,1,0,1,1,1,0,1,1,0,0,0,1,1,1,0,1,0.61,62.0,1,5,1,0,0,0,0,0,0,1,0,0,0,0,1,0,1,1,11,1,1
287.0,1,0,1,0,0,1,0,1,1,0,1,1,1,0,1,1,0,0,0,1,1,1,0,1,0.61,69.0,1,5,1,0,0,0,0,0,0,1,0,0,0,0,1,0,1,1,11,1,1
287.0,1,0,0,1,0,1,0,1,1,0,1,1,1,0,1,1,0,0,0,1,1,1,0,1,0.61,115.0,1,5,1,0,0,0,0,0,0,1,0,0,0,0,1,0,1,1,11,1,1
110.0,1,1,0,0,0,1,1,1,1,0,1,1,1,0,0,0,1,0,0,1,1,1,0,0,1.0,59.4,1,5,1,0,0,0,0,0,0,1,0,0,0,0,0,1,1,1,11,1,1
110.0,1,1,0,0,0,1,1,1,1,0,1,1,1,0,0,0,1,0,0,1,1,1,0,0,1.0,84.4,1,5,1,0,0,0,0,0,0,1,0,0,0,0,1,0,1,1,11,1,1
110.0,1,0,1,0,0,1,1,1,1,0,1,1,1,0,0,0,1,0,0,1,1,1,0,0,1.0,69.4,1,5,1,0,0,0,0,0,0,1,0,0,0,0,0,1,1,1,11,1,1
110.0,1,0,1,0,0,1,1,1,1,0,1,1,1,0,0,0,1,0,0,1,1,1,0,0,1.0,98.4,1,5,1,0,0,0,0,0,0,1,0,0,0,0,1,0,1,1,11,1,1
110.0,1,0,1,0,1,1,1,1,1,0,1,1,1,0,0,0,1,0,0,1,1,1,0,0,1.0,89.4,1,5,1,0,0,0,0,0,0,1,0,0,0,0,0,1,1,1,11,1,1
110.0,1,0,1,0,1,1,1,1,1,0,1,1,1,0,0,0,1,0,0,1,1,1,0,0,1.0,118.4,1,5,1,0,0,0,0,0,0,1,0,0,0,0,1,0,1,1,11,1,1
583.0,1,1,0,0,0,1,0,1,1,0,1,1,1,0,1,1,1,1,1,1,1,1,1,1,0.68,56.3,1,5,2,0,0,0,0,0,0,1,0,0,0,0,1,0,1,1,11,1,1
583.0,1,0,1,0,0,1,0,1,1,0,1,1,1,0,1,1,1,1,1,1,1,1,1,1,0.68,54.8,1,5,2,0,0,0,0,0,0,1,0,0,0,0,1,0,1,1,11,1,1
583.0,1,0,0,1,0,1,0,1,1,0,1,1,1,0,1,1,1,1,1,1,1,1,1,1,0.68,80.3,1,5,2,0,0,0,0,0,0,1,0,0,0,0,1,0,1,1,11,1,1
583.0,1,0,1,0,1,1,0,1,1,0,1,1,1,0,1,1,1,1,1,1,1,1,1,1,0.68,101.8,1,5,2,0,0,0,0,0,0,1,0,0,0,0,1,0,1,1,11,1,1
583.0,1,1,0,0,0,1,0,1,1,0,1,1,1,0,1,1,1,1,1,1,1,1,1,1,0.68,37.3,1,5,2,0,0,0,0,0,0,1,0,0,0,0,0,1,1,1,11,1,1
583.0,1,0,1,0,0,1,0,1,1,0,1,1,1,0,1,1,1,1,1,1,1,1,1,1,0.68,40.3,1,5,2,0,0,0,0,0,0,1,0,0,0,0,0,1,1,1,11,1,1
583.0,1,0,0,1,0,1,0,1,1,0,1,1,1,0,1,1,1,1,1,1,1,1,1,1,0.68,46.8,1,5,2,0,0,0,0,0,0,1,0,0,0,0,0,1,1,1,11,1,1
583.0,1,0,1,0,1,1,0,1,1,0,1,1,1,0,1,1,1,1,1,1,1,1,1,1,0.68,54.3,1,5,2,0,0,0,0,0,0,1,0,0,0,0,0,1,1,1,11,1,1
245.0,1,1,0,0,1,1,0,1,1,0,0,1,1,0,0,1,0,1,0,1,1,1,1,1,0.67,67.0,1,5,1,0,0,0,0,0,0,1,0,0,0,0,1,0,1,1,11,1,1
245.0,1,1,0,0,0,1,0,1,1,0,0,1,1,0,0,1,0,1,0,1,1,1,1,1,0.67,57.0,1,5,1,0,0,0,0,0,0,1,0,0,0,0,1,0,1,1,11,1,1
245.0,1,1,0,0,1,1,0,1,1,0,0,1,1,0,0,1,0,1,0,1,1,1,1,1,0.67,44.0,1,5,1,0,0,0,0,0,0,1,0,0,0,0,0,1,1,1,11,1,1
245.0,1,1,0,0,0,1,0,1,1,0,0,1,1,0,0,1,0,1,0,1,1,1,1,1,0.67,34.0,1,5,1,0,0,0,0,0,0,1,0,0,0,0,0,1,1,1,11,1,1
149.0,1,1,0,0,0,1,1,1,1,1,1,1,1,0,1,1,0,0,0,1,1,1,0,1,0.6,35.5,1,4,1,0,0,0,0,0,0,1,0,0,0,0,0,1,1,1,11,1,1
149.0,1,1,0,0,0,1,1,1,1,1,1,1,1,0,1,1,0,0,0,1,1,1,0,1,0.6,47.0,1,4,1,0,0,0,0,0,0,1,0,0,0,0,1,0,1,1,11,1,1
200.0,1,1,0,0,0,1,1,1,1,0,1,1,1,0,0,1,1,0,0,0,1,1,0,0,0.58,39.8,1,4,1,0,0,0,0,0,0,1,0,0,0,0,0,1,1,1,11,0,1
200.0,1,1,0,0,0,1,1,1,1,0,1,1,1,0,0,1,1,0,0,0,1,1,0,0,0.58,54.8,1,4,1,0,0,0,0,0,0,1,0,0,0,0,1,0,1,1,11,0,1
95.0,1,1,0,0,0,1,1,1,1,1,1,1,1,0,1,1,1,1,0,1,1,1,0,0,0.58,26.1,1,4,1,0,0,0,0,0,0,1,0,0,0,0,0,1,1,1,2,0,1
95.0,1,1,0,0,0,1,1,1,1,1,1,1,1,0,1,1,1,1,0,1,1,1,0,0,0.58,37.6,1,4,1,0,0,0,0,0,0,1,0,0,0,0,1,0,1,1,2,0,1
95.0,1,0,1,0,0,1,1,1,1,1,1,1,1,0,1,1,1,1,0,1,1,1,0,0,0.58,34.1,1,4,1,0,0,0,0,0,0,1,0,0,0,0,0,1,1,1,2,0,1
95.0,1,0,1,0,0,1,1,1,1,1,1,1,1,0,1,1,1,1,0,1,1,1,0,0,0.58,43.6,1,4,1,0,0,0,0,0,0,1,0,0,0,0,1,0,1,1,2,0,1
95.0,1,0,1,0,1,1,1,1,1,1,1,1,1,0,1,1,1,1,0,1,1,1,0,0,0.58,39.1,1,4,1,0,0,0,0,0,0,1,0,0,0,0,0,1,1,1,2,0,1
95.0,1,0,1,0,1,1,1,1,1,1,1,1,1,0,1,1,1,1,0,1,1,1,0,0,0.58,47.6,1,4,1,0,0,0,0,0,0,1,0,0,0,0,1,0,1,1,2,0,1
127.0,0,0,1,0,1,0,0,1,0,0,0,0,0,0,0,0,0,0,0,1,0,0,1,1,0.58,52.2,0,4,0,0,0,0,0,0,0,1,0,0,0,0,0,1,0,0,11,1,1
127.0,0,0,1,0,1,0,0,1,0,0,0,0,0,0,0,0,0,0,0,1,0,0,1,1,0.58,62.7,0,4,0,0,0,0,0,0,0,1,0,0,0,0,1,0,0,0,11,1,1
127.0,0,0,1,0,0,0,0,1,0,0,0,0,0,0,0,0,0,0,0,1,0,0,1,1,0.58,48.2,0,4,0,0,0,0,0,0,0,1,0,0,0,0,0,1,0,0,11,1,1
127.0,0,0,1,0,0,0,0,1,0,0,0,0,0,0,0,0,0,0,0,1,0,0,1,1,0.58,56.7,0,4,0,0,0,0,0,0,0,1,0,0,0,0,1,0,0,0,11,1,1
127.0,0,1,0,0,0,0,0,1,0,0,0,0,0,0,0,0,0,0,0,1,0,0,1,1,0.58,43.2,0,4,0,0,0,0,0,0,0,1,0,0,0,0,0,1,0,0,11,1,1
127.0,0,1,0,0,0,0,0,1,0,0,0,0,0,0,0,0,0,0,0,1,0,0,1,1,0.58,49.7,0,4,0,0,0,0,0,0,0,1,0,0,0,0,1,0,0,0,11,1,1
127.0,1,1,0,0,0,0,1,1,0,0,0,0,0,0,0,0,0,0,0,0,0,0,0,0,0.45,36.5,0,3,0,1,0,0,0,0,0,0,0,0,0,0,1,0,0,1,11,1,1
35.0,1,1,0,0,0,1,1,1,1,1,1,1,1,0,0,1,0,1,0,1,1,0,0,1,0.99,32.0,0,4,0,1,0,0,0,0,0,0,0,0,0,0,1,0,1,1,7,1,0
30.0,1,1,0,0,0,1,1,1,1,1,1,1,1,0,1,0,0,0,1,1,1,0,0,1,0.91,28.65,1,3,3,0,0,0,1,0,0,0,0,0,0,0,0,1,1,1,8,1,0
30.0,1,1,0,0,0,1,1,1,1,1,1,1,1,0,1,0,0,0,1,1,1,0,0,1,0.91,36.65,1,3,3,0,0,0,1,0,0,0,0,0,0,0,1,0,1,1,8,1,0
30.0,1,0,1,0,0,1,1,1,1,1,1,1,1,0,1,0,0,0,1,1,1,0,0,1,0.91,34.65,1,3,3,0,0,0,1,0,0,0,0,0,0,0,0,1,1,1,8,1,0
30.0,1,0,1,0,0,1,1,1,1,1,1,1,1,0,1,0,0,0,1,1,1,0,0,1,0.91,42.65,1,3,3,0,0,0,1,0,0,0,0,0,0,0,1,0,1,1,8,1,0
127.0,0,1,0,0,0,1,1,1,0,0,0,0,0,0,0,0,0,0,0,0,0,0,0,0,1.0,26.3,1,4,1,0,0,0,1,0,0,0,0,0,0,0,1,0,1,1,11,1,1
127.0,0,0,1,0,0,1,1,1,0,0,0,0,0,0,0,0,0,0,0,0,0,0,0,0,1.0,35.3,1,4,1,0,0,0,1,0,0,0,0,0,0,0,1,0,1,1,11,1,1
120.0,1,0,1,0,0,0,1,1,0,0,0,0,0,0,0,0,0,0,0,0,0,0,0,0,1.0,34.0,0,0,1,0,0,0,1,0,0,0,0,0,0,0,1,0,1,1,11,0,1
60.0,1,1,0,0,0,0,1,1,0,0,0,0,1,0,0,0,0,0,0,1,0,0,0,0,1.0,32.0,1,0,1,0,0,0,1,0,0,0,0,0,0,0,0,1,1,1,11,0,1
60.0,1,1,0,0,0,0,1,1,0,0,0,0,1,0,0,0,0,0,0,1,0,0,0,0,1.0,38.0,1,0,1,0,0,0,1,0,0,0,0,0,0,0,1,0,1,1,11,0,1
60.0,1,0,1,0,0,0,1,1,0,0,0,0,1,0,0,0,0,0,0,1,0,0,0,0,1.0,42.0,1,0,1,0,0,0,1,0,0,0,0,0,0,0,0,1,1,1,11,0,1
60.0,1,0,1,0,0,0,1,1,0,0,0,0,1,0,0,0,0,0,0,1,0,0,0,0,1.0,51.0,1,0,1,0,0,0,1,0,0,0,0,0,0,0,1,0,1,1,11,0,1
30.0,1,1,0,0,0,0,1,1,0,0,0,0,0,0,0,0,0,0,0,0,0,0,0,0,1.0,33.1,1,4,2,0,0,0,1,0,0,0,0,0,0,0,1,0,1,0,10,0,1
30.0,1,0,1,0,0,0,1,1,0,0,0,0,0,0,0,0,0,0,0,0,0,0,0,0,1.0,40.1,1,4,2,0,0,0,1,0,0,0,0,0,0,0,1,0,1,0,10,0,1
60.0,0,1,0,0,0,1,1,1,0,0,1,1,1,0,0,0,0,0,0,0,0,0,0,0,0.47,38.5,1,0,1,0,0,0,1,0,0,0,0,0,0,0,0,1,1,1,2,1,1
60.0,0,1,0,0,0,1,1,1,0,0,1,1,1,0,0,0,0,0,0,0,0,0,0,0,0.47,45.5,1,0,1,0,0,0,1,0,0,0,0,0,0,0,1,0,1,1,2,1,1
127.0,1,1,0,0,0,0,0,1,0,0,0,0,0,0,0,0,0,0,0,0,0,0,0,0,0.43,34.3,1,4,2,0,0,0,1,0,0,0,0,0,0,0,0,1,1,1,2,1,1
127.0,1,1,0,0,0,0,0,1,0,0,0,0,0,0,0,0,0,0,0,0,0,0,0,0,0.43,46.3,1,4,2,0,0,0,1,0,0,0,0,0,0,0,1,0,1,1,2,1,1
127.0,1,0,1,0,0,0,0,1,0,0,0,0,0,0,0,0,0,0,0,0,0,0,0,0,0.43,44.3,1,4,2,0,0,0,1,0,0,0,0,0,0,0,0,1,1,1,2,1,1
127.0,1,0,1,0,0,0,0,1,0,0,0,0,0,0,0,0,0,0,0,0,0,0,0,0,0.43,56.3,1,4,2,0,0,0,1,0,0,0,0,0,0,0,1,0,1,1,2,1,1
100.0,1,1,0,0,0,0,1,1,0,0,1,1,1,0,0,1,0,0,0,0,1,0,0,0,0.83,43.0,0,0,0,0,0,0,1,0,0,0,0,0,0,0,1,0,1,1,3,1,0
20.0,1,1,0,0,0,0,1,1,0,0,0,0,0,0,0,0,0,0,0,0,0,0,0,0,0.46,34.5,0,2,0,0,0,0,1,0,0,0,0,0,0,0,1,0,1,1,2,1,0
50.0,0,1,0,0,0,1,1,0,1,0,1,0,0,0,0,0,0,0,0,0,0,0,0,0,0.5,30.2,1,0,0,0,0,0,1,0,0,0,0,0,0,0,0,1,1,1,11,1,1
50.0,0,1,0,0,0,1,1,0,1,0,1,0,0,0,0,0,0,0,0,0,0,0,0,0,0.5,33.2,1,0,0,0,0,0,1,0,0,0,0,0,0,0,1,0,1,1,11,1,1
84.0,0,1,0,0,0,0,1,1,1,0,0,0,1,0,0,0,0,0,0,0,1,0,0,0,1.0,43.0,1,0,0,0,0,0,1,0,0,0,0,0,0,0,1,1,1,1,11,1,1
20.0,0,0,1,0,0,0,1,1,1,1,1,0,0,0,0,0,0,0,0,0,0,0,1,1,0.84,36.0,1,2,1,0,0,0,1,0,0,0,0,0,0,0,1,0,1,1,9,1,1
20.0,0,0,0,1,0,0,1,1,1,1,1,0,0,0,0,0,0,0,0,0,0,0,1,1,0.84,50.0,1,2,1,0,0,0,1,0,0,0,0,0,0,0,1,0,1,1,9,1,1
20.0,0,0,1,0,0,0,1,1,1,1,1,0,0,0,0,0,0,0,0,0,0,0,1,1,0.84,28.0,1,2,1,0,0,0,1,0,0,0,0,0,0,0,0,1,1,1,9,1,1
20.0,0,0,0,1,0,0,1,1,1,1,1,0,0,0,0,0,0,0,0,0,0,0,1,1,0.84,42.0,1,2,1,0,0,0,1,0,0,0,0,0,0,0,0,1,1,1,9,1,1
50.0,0,1,0,0,0,1,0,1,0,0,0,0,0,0,0,0,0,0,0,0,0,0,0,1,0.77,34.5,1,4,1,0,0,0,1,0,0,0,0,0,0,0,1,0,1,0,11,0,1
50.0,0,0,1,0,0,1,0,1,0,0,0,0,0,0,0,0,0,0,0,0,0,0,0,1,0.77,38.5,1,4,1,0,0,0,1,0,0,0,0,0,0,0,1,0,1,0,11,0,1
50.0,0,1,0,0,0,1,0,1,0,0,0,0,0,0,0,0,0,0,0,0,0,0,0,1,0.77,31.5,1,4,1,0,0,0,1,0,0,0,0,0,0,0,0,1,1,0,11,0,1
50.0,0,0,1,0,0,1,0,1,0,0,0,0,0,0,0,0,0,0,0,0,0,0,0,1,0.77,35.5,1,4,1,0,0,0,1,0,0,0,0,0,0,0,0,1,1,0,11,0,1
66.0,1,1,0,0,0,1,1,1,1,1,1,1,0,0,0,0,0,0,0,1,1,0,0,1,0.6,33.5,1,3,1,0,0,0,1,0,0,0,0,0,0,0,0,1,1,1,8,1,1
66.0,1,1,0,0,0,1,1,1,1,1,1,1,0,0,0,0,0,0,0,1,1,0,0,1,0.6,44.5,1,3,1,0,0,0,1,0,0,0,0,0,0,0,1,0,1,1,8,1,1
10.0,1,1,0,0,0,0,1,0,0,0,0,0,0,0,0,0,0,0,0,0,0,0,0,0,1.0,18.0,1,2,0,0,0,0,1,0,0,0,0,0,0,0,1,1,1,0,8,1,1
18.0,0,1,0,0,0,0,1,1,0,0,0,0,0,0,0,0,0,0,0,0,0,0,1,1,1.0,32.5,1,3,2,0,0,0,1,0,0,0,0,0,0,0,1,1,1,1,4,0,1
6.0,0,1,0,0,0,0,1,0,0,0,0,0,0,0,0,0,0,0,0,0,0,0,0,1,1.0,25.0,1,0,0,0,0,0,1,0,0,0,0,0,0,0,1,0,1,0,1,0,1
6.0,0,1,0,0,0,0,1,0,0,0,0,0,0,0,0,0,0,0,0,0,0,0,0,1,1.0,18.0,1,0,0,0,0,0,1,0,0,0,0,0,0,0,0,1,1,0,1,0,1
35.0,0,1,0,0,0,0,1,1,0,1,1,1,0,0,0,1,0,0,0,1,0,0,0,0,1.0,34.5,1,3,0,0,0,0,1,0,0,0,0,0,0,0,1,1,1,1,6,0,1
35.0,0,1,0,0,0,0,1,1,1,1,1,1,1,0,0,0,0,0,1,1,1,0,0,1,1.0,26.0,1,3,1,0,0,0,1,0,0,0,0,0,0,0,1,0,1,1,2,0,1
35.0,0,1,0,0,0,0,1,1,1,1,1,1,1,0,0,0,0,0,1,1,1,0,0,1,1.0,21.0,1,3,1,0,0,0,1,0,0,0,0,0,0,0,0,1,1,1,2,0,1
35.0,0,0,1,0,0,0,1,1,1,1,1,1,1,0,0,0,0,0,1,1,1,0,0,1,1.0,41.0,1,3,1,0,0,0,1,0,0,0,0,0,0,0,1,0,1,1,2,0,1
35.0,0,0,1,0,0,0,1,1,1,1,1,1,1,0,0,0,0,0,1,1,1,0,0,1,1.0,36.0,1,3,1,0,0,0,1,0,0,0,0,0,0,0,0,1,1,1,2,0,1
150.0,1,1,0,0,0,0,1,1,1,0,1,1,1,0,0,0,0,0,0,1,0,0,0,0,0.3,27.0,1,0,0,0,0,0,1,0,0,0,0,0,0,0,0,1,1,1,11,0,1
150.0,1,0,1,0,0,0,1,1,1,0,1,1,1,0,0,0,0,0,0,1,0,0,0,0,0.3,31.2,1,0,0,0,0,0,1,0,0,0,0,0,0,0,0,1,1,1,11,0,1
150.0,1,1,0,0,0,0,1,1,1,0,1,1,1,0,0,0,0,0,0,1,0,0,0,0,0.3,31.9,1,0,0,0,0,0,1,0,0,0,0,0,0,0,1,0,1,1,11,0,1
150.0,1,0,1,0,0,0,1,1,1,0,1,1,1,0,0,0,0,0,0,1,0,0,0,0,0.3,36.1,1,0,0,0,0,0,1,0,0,0,0,0,0,0,1,0,1,1,11,0,1
80.0,0,1,0,0,0,0,0,1,0,0,0,0,0,0,0,0,0,0,0,0,0,0,0,0,0.79,40.4,1,3,2,0,0,0,1,0,0,0,0,0,0,0,0,1,1,1,11,1,1
80.0,0,1,0,0,0,0,0,1,0,0,0,0,0,0,0,0,0,0,0,0,0,0,0,0,0.79,48.4,1,3,2,0,0,0,1,0,0,0,0,0,0,0,1,0,1,1,11,1,1
44.0,1,1,0,0,0,0,1,1,0,1,1,1,0,0,0,0,0,0,0,1,0,0,0,0,1.0,35.5,0,0,0,0,0,0,1,0,0,0,0,0,0,0,1,1,1,1,10,0,0
250.0,1,1,0,0,0,1,1,1,1,1,1,1,1,0,0,1,0,0,0,0,1,0,0,1,1.0,35.5,1,4,1,0,0,0,1,0,0,0,0,0,0,0,0,1,1,1,11,1,1
250.0,1,1,0,0,0,1,1,1,1,1,1,1,1,0,0,1,0,0,0,0,1,0,0,1,1.0,40.5,1,4,1,0,0,0,1,0,0,0,0,0,0,0,1,0,1,1,11,1,1
250.0,1,0,1,0,0,1,1,1,1,1,1,1,1,0,0,1,0,0,0,0,1,0,0,1,1.0,41.5,1,4,1,0,0,0,1,0,0,0,0,0,0,0,0,1,1,1,11,1,1
250.0,1,0,1,0,0,1,1,1,1,1,1,1,1,0,0,1,0,0,0,0,1,0,0,1,1.0,46.5,1,4,1,0,0,0,1,0,0,0,0,0,0,0,1,0,1,1,11,1,1
127.0,0,1,0,0,0,0,0,1,0,1,1,0,0,0,0,0,0,0,0,0,0,0,0,0,0.42,32.5,1,3,0,0,0,0,1,0,0,0,0,0,0,0,1,0,1,1,11,1,1
127.0,0,0,0,1,0,0,0,1,0,1,1,0,0,0,0,0,0,0,0,0,0,0,0,0,0.42,37.5,1,3,0,0,0,0,1,0,0,0,0,0,0,0,1,0,1,1,11,1,1
110.0,0,1,0,0,0,0,1,1,1,0,1,1,1,0,0,1,0,0,0,1,0,0,0,0,0.33,34.5,1,2,0,0,0,0,1,0,0,0,0,0,0,0,1,1,0,1,5,1,1
127.0,0,1,0,0,0,1,1,1,0,0,1,0,1,0,0,0,0,0,0,0,0,0,0,0,0.5,31.6,1,3,0,0,0,0,1,0,0,0,0,0,0,0,1,1,1,1,0,0,1
50.0,1,1,0,0,0,0,1,1,1,1,1,0,1,0,0,0,0,0,0,1,1,0,0,0,0.58,36.8,1,3,1,0,0,0,1,0,0,0,0,0,0,0,1,0,1,1,0,1,1
50.0,1,1,0,0,0,0,1,1,1,1,1,0,1,0,0,0,0,0,0,1,1,0,0,0,0.58,33.8,1,3,1,0,0,0,1,0,0,0,0,0,0,0,0,1,1,1,0,1,1
70.0,1,1,0,0,0,0,1,1,0,0,1,0,1,0,0,0,0,0,0,0,0,0,0,0,1.0,36.8,1,4,1,0,0,0,1,0,0,0,0,0,0,0,1,0,1,1,0,1,1
70.0,1,1,0,0,0,0,1,1,0,0,1,0,1,0,0,0,0,0,0,0,0,0,0,0,1.0,33.8,1,4,1,0,0,0,1,0,0,0,0,0,0,0,0,1,1,1,0,1,1
30.0,1,1,0,0,0,0,1,1,0,0,1,0,1,0,0,0,0,0,0,1,0,0,0,0,0.69,27.0,1,4,1,0,0,0,1,0,0,0,0,0,0,0,0,1,1,0,3,1,1
30.0,1,1,0,0,0,0,1,1,0,0,1,0,1,0,0,0,0,0,0,1,0,0,0,0,0.69,30.5,1,4,1,0,0,0,1,0,0,0,0,0,0,0,1,0,1,0,3,1,1
127.0,0,1,0,0,0,0,0,1,1,1,0,0,1,0,0,0,0,0,0,1,0,0,0,0,0.46,35.0,1,3,1,0,0,0,1,0,0,0,0,0,0,0,1,1,1,1,5,1,1
60.0,0,1,0,0,0,0,0,1,0,1,0,0,0,0,0,0,0,0,0,0,0,0,0,0,0.47,31.0,1,2,1,0,0,0,1,0,0,0,0,0,0,0,1,1,1,1,1,0,1
115.0,1,0,1,0,0,0,0,1,0,0,0,0,0,0,0,0,0,0,0,0,0,0,0,0,0.74,37.0,1,4,2,0,0,0,1,0,0,0,0,0,0,0,0,1,1,1,4,1,1
115.0,1,0,1,0,0,0,0,1,0,0,0,0,0,0,0,0,0,0,0,0,0,0,0,0,0.74,50.0,1,4,2,0,0,0,1,0,0,0,0,0,0,0,1,0,1,1,4,1,1
120.0,1,1,0,0,0,0,0,1,0,0,0,0,0,0,0,0,0,0,0,0,0,0,0,1,1.0,34.6,1,4,1,0,0,0,1,0,0,0,0,0,0,0,1,0,1,1,4,1,1
120.0,1,1,0,0,0,0,0,1,0,0,0,0,0,0,0,0,0,0,0,0,0,0,0,1,1.0,31.5,1,4,1,0,0,0,1,0,0,0,0,0,0,0,0,1,1,1,4,1,1
40.0,1,1,0,0,0,0,0,1,0,0,0,0,0,0,1,0,0,1,1,0,1,0,0,0,0.5,27.2,0,2,1,0,0,0,1,0,0,0,0,0,0,0,1,0,0,0,2,0,1
40.0,1,1,0,0,0,0,0,1,0,0,0,0,0,0,1,0,0,1,1,0,1,0,0,0,0.5,22.1,0,2,1,0,0,0,1,0,0,0,0,0,0,0,0,1,0,0,2,0,1
55.0,0,1,0,0,0,0,1,0,0,0,1,0,1,0,0,0,0,1,1,1,1,0,0,1,0.99,73.0,1,0,0,0,0,0,1,0,0,0,0,0,0,0,1,0,1,1,5,0,1
55.0,0,1,0,0,0,0,1,0,0,0,1,0,1,0,0,0,0,1,1,1,1,0,0,1,0.99,65.0,1,0,0,0,0,0,1,0,0,0,0,0,0,0,0,1,1,1,5,0,1
30.0,1,1,0,0,0,0,1,1,1,1,1,1,1,0,0,1,0,0,0,0,0,0,0,0,1.0,45.0,0,0,0,0,0,0,1,0,0,0,0,0,0,0,1,0,1,1,3,0,1
30.0,1,1,0,0,0,0,1,1,1,1,1,1,1,0,0,1,0,0,0,0,0,0,0,0,1.0,40.0,0,0,0,0,0,0,1,0,0,0,0,0,0,0,0,1,1,1,3,0,1
15.0,0,1,0,0,0,0,1,0,0,0,1,1,0,0,0,0,0,0,0,0,0,0,0,0,0.47,32.0,1,3,0,0,0,0,1,0,0,0,0,0,0,0,1,0,1,0,2,0,1
15.0,0,1,0,0,0,0,1,0,0,0,1,1,0,0,0,0,0,0,0,0,0,0,0,0,0.47,29.0,1,3,0,0,0,0,1,0,0,0,0,0,0,0,0,1,1,0,2,0,1
100.0,1,1,0,0,0,0,0,0,0,0,0,0,0,0,0,0,0,0,0,0,0,0,0,0,0.42,26.2,0,2,0,0,0,0,0,0,1,0,0,0,0,0,0,1,0,1,0,1,1
100.0,1,1,0,0,0,0,0,0,0,0,0,0,0,0,0,0,0,0,0,0,0,0,0,0,0.42,29.2,0,2,0,0,0,0,0,0,1,0,0,0,0,0,1,0,0,1,0,1,1
60.0,0,1,0,0,0,0,1,0,0,0,0,0,0,0,0,0,0,0,0,0,0,0,0,0,0.42,26.2,0,1,0,0,0,0,0,0,1,0,0,0,0,0,0,1,0,1,0,1,1
60.0,0,1,0,0,0,0,1,0,0,0,0,0,0,0,0,0,0,0,0,0,0,0,0,0,0.42,29.2,0,1,0,0,0,0,0,0,1,0,0,0,0,0,1,0,0,1,0,1,1
70.0,0,1,0,0,0,1,1,1,0,0,1,1,1,0,0,1,0,0,0,0,1,0,0,0,0.58,26.2,1,3,0,0,0,0,0,0,1,0,0,0,0,0,0,1,1,1,8,1,1
70.0,0,1,0,0,0,1,1,1,0,0,1,1,1,0,0,1,0,0,0,0,1,0,0,0,0.58,29.2,1,3,0,0,0,0,0,0,1,0,0,0,0,0,1,0,1,1,8,1,1
50.0,0,1,0,0,0,0,0,1,0,0,0,0,0,0,0,0,0,0,0,0,0,0,1,0,0.34,25.0,1,3,1,0,0,0,0,0,1,0,0,0,0,0,1,1,1,1,9,1,0
50.0,0,0,1,0,0,0,0,1,0,0,0,0,0,0,0,0,0,0,0,0,0,0,1,0,0.34,45.0,1,3,1,0,0,0,0,0,1,0,0,0,0,0,1,1,1,1,9,1,0
20.0,0,1,0,0,0,0,0,1,0,0,0,0,0,0,0,0,0,0,0,0,0,0,0,0,1.0,22.4,1,3,0,0,0,0,0,0,1,0,0,0,0,0,1,1,1,1,7,1,1
47.0,1,1,0,0,0,1,1,1,1,1,0,1,0,0,0,0,0,0,0,1,1,0,0,1,1.0,30.0,1,4,0,0,0,0,0,0,1,0,0,0,0,0,1,1,1,1,11,1,1
47.0,1,0,1,0,0,1,1,1,1,1,0,1,0,0,0,0,0,0,0,1,1,0,0,1,1.0,35.36,1,4,0,0,0,0,0,0,1,0,0,0,0,0,1,1,1,1,11,1,1
15.0,1,1,0,0,0,0,1,1,0,0,1,0,0,0,0,0,0,0,0,0,1,0,0,0,1.0,22.5,1,3,1,0,0,0,0,0,1,0,0,0,0,0,1,1,1,1,11,0,1
15.0,1,1,0,0,0,0,1,1,1,0,0,0,0,0,0,0,0,0,0,0,0,0,0,0,1.0,21.5,0,0,0,0,0,0,0,0,1,0,0,0,0,0,1,1,0,0,3,0,1
10.0,0,1,0,0,0,0,0,0,0,0,0,0,0,0,0,0,0,0,0,0,0,0,0,0,1.0,13.0,1,2,0,0,0,0,0,0,1,0,0,0,0,0,1,1,1,1,3,1,1
25.0,0,1,0,0,0,0,0,1,1,1,0,0,0,0,0,0,0,0,0,0,0,0,0,0,1.0,23.6,0,2,0,0,0,0,0,0,1,0,0,0,0,0,1,1,0,0,11,1,1
20.0,1,1,0,0,0,0,1,0,1,1,1,0,1,0,0,0,0,0,0,0,1,0,0,1,0.58,25.5,0,3,1,0,0,0,0,0,1,0,0,0,0,0,1,1,0,0,11,1,0
20.0,1,0,1,0,0,0,1,0,1,1,1,0,1,0,0,0,0,0,0,0,1,0,0,1,0.58,34.0,0,3,1,0,0,0,0,0,1,0,0,0,0,0,1,1,0,0,11,1,0
70.0,0,1,0,0,0,0,0,1,0,0,0,0,0,0,0,0,0,0,0,0,0,0,0,1,0.47,33.0,0,4,1,0,0,0,0,0,1,0,0,0,0,0,1,0,0,1,11,0,1
70.0,0,0,1,0,0,0,0,1,0,0,0,0,0,0,0,0,0,0,0,0,0,0,0,1,0.47,48.0,0,4,1,0,0,0,0,0,1,0,0,0,0,0,1,0,0,1,11,0,1
70.0,0,1,0,0,0,0,0,1,0,0,0,0,0,0,0,0,0,0,0,0,0,0,0,1,0.47,30.4,0,4,1,0,0,0,0,0,1,0,0,0,0,0,0,1,0,1,11,0,1
70.0,0,0,1,0,0,0,0,1,0,0,0,0,0,0,0,0,0,0,0,0,0,0,0,1,0.47,43.9,0,4,1,0,0,0,0,0,1,0,0,0,0,0,0,1,0,1,11,0,1
23.0,0,1,0,0,0,1,1,1,1,0,1,1,1,0,1,1,1,1,1,1,1,0,1,0,0.5,29.7,0,4,1,0,0,0,0,0,1,0,0,0,0,0,1,1,1,1,8,0,1
30.0,0,1,0,0,0,0,0,1,1,1,1,1,1,0,1,1,1,0,0,0,0,0,0,0,0.58,23.0,1,3,0,0,0,0,0,0,1,0,0,0,0,0,1,1,1,0,11,1,1
20.0,1,1,0,0,0,0,0,1,0,0,0,1,0,0,0,1,0,0,0,0,0,0,0,0,0.5,32.5,0,2,0,0,0,0,0,0,1,0,0,0,0,0,1,1,1,1,5,0,0
20.0,0,1,0,0,0,0,0,1,0,0,0,0,0,0,0,0,0,0,0,0,0,0,0,0,1.0,30.5,1,3,1,0,0,0,0,0,1,0,0,0,0,0,1,1,1,0,11,1,0
50.0,1,1,0,0,0,0,0,1,0,0,0,0,0,0,0,0,0,0,0,0,0,0,0,0,0.58,27.5,1,3,1,0,0,0,0,0,1,0,0,0,0,0,1,1,1,1,11,1,1
50.0,1,0,1,0,0,0,0,1,0,0,0,0,0,0,0,0,0,0,0,0,0,0,0,0,0.58,37.0,1,3,1,0,0,0,0,0,1,0,0,0,0,0,1,1,1,1,11,1,1
60.0,0,1,0,0,0,0,0,1,0,0,0,0,0,0,0,0,0,0,0,0,0,0,0,0,0.58,20.5,0,2,1,0,0,0,0,0,1,0,0,0,0,0,1,1,1,0,10,1,0
16.0,1,1,0,0,0,1,0,1,1,1,1,1,1,0,0,0,0,0,1,1,1,0,1,1,0.56,40.5,1,5,2,0,0,0,0,0,1,0,0,0,0,0,1,1,1,1,9,1,1
16.0,1,0,1,0,0,1,0,1,1,1,1,1,1,0,0,0,0,0,1,1,1,0,1,1,0.56,48.5,1,5,2,0,0,0,0,0,1,0,0,0,0,0,1,1,1,1,9,1,1
15.0,1,1,0,0,0,0,0,1,0,0,0,0,1,0,0,0,0,0,0,0,0,0,0,0,0.58,34.0,0,2,1,0,0,0,0,0,1,0,0,0,0,0,1,1,0,1,9,1,1
12.0,1,1,0,0,0,0,0,1,0,0,0,1,1,0,0,0,0,0,0,0,0,0,0,0,0.58,34.0,0,3,1,0,0,0,0,0,1,0,0,0,0,0,1,1,0,1,10,1,1
50.0,1,1,0,0,0,1,1,1,0,0,0,0,0,0,0,0,0,0,0,0,0,0,0,0,0.58,22.0,0,4,1,0,0,0,0,0,1,0,0,0,0,0,0,1,0,1,8,1,0
50.0,1,1,0,0,0,1,1,1,0,0,0,0,0,0,0,0,0,0,0,0,0,0,0,0,0.58,23.0,0,4,1,0,0,0,0,0,1,0,0,0,0,0,1,0,0,1,8,1,0
40.0,1,1,0,0,0,1,1,1,1,1,0,1,0,0,0,1,0,0,0,0,1,0,0,0,0.48,35.0,0,3,0,0,0,0,0,0,1,0,0,0,0,0,1,1,0,1,4,1,0
100.0,1,0,1,0,0,0,0,1,0,0,0,1,1,0,0,1,0,0,0,0,0,0,0,0,0.66,33.0,0,4,1,0,0,0,0,0,1,0,0,0,0,0,0,1,0,1,10,1,0
100.0,1,0,0,1,0,0,0,1,0,0,0,1,1,0,0,1,0,0,0,0,0,0,0,0,0.66,41.0,0,4,1,0,0,0,0,0,1,0,0,0,0,0,0,1,0,1,10,1,0
100.0,1,0,1,0,0,0,0,1,0,0,0,1,1,0,0,1,0,0,0,0,0,0,0,0,0.66,42.0,0,4,1,0,0,0,0,0,1,0,0,0,0,0,1,0,0,1,10,1,0
100.0,1,0,0,1,0,0,0,1,0,0,0,1,1,0,0,1,0,0,0,0,0,0,0,0,0.66,53.0,0,4,1,0,0,0,0,0,1,0,0,0,0,0,1,0,0,1,10,1,0
160.0,1,0,1,0,0,1,0,1,1,0,1,1,1,0,0,1,0,0,0,1,0,0,1,1,0.42,31.5,1,3,1,0,0,0,0,0,1,0,0,0,0,0,0,1,1,1,11,1,1
160.0,1,0,1,0,1,1,0,1,1,0,1,1,1,0,0,1,0,0,0,1,0,0,1,1,0.42,39.5,1,3,1,0,0,0,0,0,1,0,0,0,0,0,1,0,1,1,11,1,1
160.0,1,0,1,0,0,1,0,1,1,0,1,1,1,0,0,1,0,0,0,1,0,0,1,1,0.42,35.5,1,3,1,0,0,0,0,0,1,0,0,0,0,0,1,1,1,1,11,1,1
160.0,1,0,0,1,0,1,0,1,1,0,1,1,1,0,0,1,0,0,0,1,0,0,1,1,0.42,41.5,1,3,1,0,0,0,0,0,1,0,0,0,0,0,0,1,1,1,11,1,1
160.0,1,0,0,1,1,1,0,1,1,0,1,1,1,0,0,1,0,0,0,1,0,0,1,1,0.42,49.5,1,3,1,0,0,0,0,0,1,0,0,0,0,0,1,0,1,1,11,1,1
160.0,1,0,0,1,0,1,0,1,1,0,1,1,1,0,0,1,0,0,0,1,0,0,1,1,0.42,45.5,1,3,1,0,0,0,0,0,1,0,0,0,0,0,1,1,1,1,11,1,1
64.0,1,1,0,0,0,0,0,0,0,0,0,0,0,0,0,0,0,0,0,0,0,0,0,0,1.0,27.0,1,4,1,0,0,0,0,0,1,0,0,0,0,0,1,1,1,1,8,0,1
150.0,1,1,0,0,0,0,0,0,0,0,1,1,1,0,0,1,1,0,0,0,1,0,0,0,0.57,32.0,0,0,0,0,0,0,0,0,1,0,0,0,0,0,1,1,1,1,8,0,0
70.0,0,1,0,0,0,0,0,1,0,0,0,0,0,0,1,0,0,0,0,0,0,0,0,0,0.57,29.0,0,3,1,0,0,0,0,0,1,0,0,0,0,0,0,1,0,1,11,0,1
70.0,0,1,0,0,0,0,0,1,0,0,0,0,0,0,1,0,0,0,0,0,0,0,0,0,0.57,35.0,0,3,1,0,0,0,0,0,1,0,0,0,0,0,1,0,0,1,11,0,1
70.0,0,1,0,0,1,0,0,1,0,0,0,0,0,0,1,0,0,0,0,0,0,0,0,0,0.57,49.0,0,3,1,0,0,0,0,0,1,0,0,0,0,0,0,1,0,1,11,0,1
70.0,0,1,0,0,1,0,0,1,0,0,0,0,0,0,1,0,0,0,0,0,0,0,0,0,0.57,50.0,0,3,1,0,0,0,0,0,1,0,0,0,0,0,1,0,0,1,11,0,1
70.0,0,0,0,1,1,0,0,1,0,0,0,0,0,0,1,0,0,0,0,0,0,0,0,0,0.57,59.0,0,3,1,0,0,0,0,0,1,0,0,0,0,0,0,1,0,1,11,0,1
70.0,0,0,0,1,1,0,0,1,0,0,0,0,0,0,1,0,0,0,0,0,0,0,0,0,0.57,60.0,0,3,1,0,0,0,0,0,1,0,0,0,0,0,1,0,0,1,11,0,1
150.0,0,1,0,0,0,0,1,0,0,0,0,0,0,0,0,0,0,0,0,0,0,0,0,0,1.0,20.0,0,0,0,0,0,0,0,0,1,0,0,0,0,0,1,1,1,0,7,0,0
95.0,0,0,1,0,0,1,1,0,0,0,1,0,1,0,0,1,0,0,0,0,1,0,0,0,0.56,25.0,0,0,0,0,0,0,0,0,1,0,0,0,0,0,0,1,0,1,10,1,1
95.0,0,0,1,0,0,1,1,0,0,0,1,0,1,0,0,1,0,0,0,0,1,0,0,0,0.56,28.0,0,0,0,0,0,0,0,0,1,0,0,0,0,0,1,0,0,1,10,1,1
50.0,1,0,1,0,0,1,1,1,0,0,1,1,1,0,0,1,0,1,0,1,1,1,1,1,0.58,52.0,1,4,0,0,0,0,0,0,0,0,0,0,0,1,1,0,0,1,11,1,1
50.0,1,0,1,0,1,1,1,1,0,0,1,1,1,0,0,1,0,1,0,1,1,1,1,1,0.58,54.0,1,4,0,0,0,0,0,0,0,0,0,0,0,1,1,0,0,1,11,1,1
50.0,1,0,1,0,0,1,1,1,0,0,1,1,1,0,0,1,0,1,0,1,1,1,1,1,0.58,42.0,1,4,0,0,0,0,0,0,0,0,0,0,0,1,0,1,0,1,11,1,1
50.0,1,0,1,0,1,1,1,1,0,0,1,1,1,0,0,1,0,1,0,1,1,1,1,1,0.58,44.0,1,4,0,0,0,0,0,0,0,0,0,0,0,1,0,1,0,1,11,1,1
30.0,0,1,0,0,0,0,1,1,0,0,0,1,1,0,1,0,0,0,0,0,1,0,0,0,0.56,27.0,0,4,0,0,0,0,0,0,0,0,0,0,0,1,0,1,0,1,3,0,1
30.0,0,1,0,0,0,0,1,1,0,0,0,1,1,0,1,0,0,0,0,0,1,0,0,0,0.56,34.5,0,4,0,0,0,0,0,0,0,0,0,0,0,1,1,0,0,1,3,0,1
50.0,0,1,0,0,0,0,1,1,0,0,0,1,0,0,0,0,0,0,0,0,0,0,0,0,0.54,31.0,1,0,0,0,0,0,0,0,0,0,0,0,0,1,1,1,1,0,10,0,1
60.0,0,1,0,0,0,0,1,1,0,0,1,1,1,0,0,1,1,0,0,1,1,0,0,0,0.58,27.5,0,3,1,0,0,0,0,0,0,0,0,0,0,1,1,1,0,1,10,1,1
60.0,0,0,1,0,0,0,1,1,0,0,1,1,1,0,0,1,1,0,0,1,1,0,0,0,0.58,33.5,0,3,1,0,0,0,0,0,0,0,0,0,0,1,1,1,0,1,10,1,1
25.0,0,1,0,0,0,0,1,1,1,0,1,1,1,0,0,1,0,0,0,0,1,0,1,1,0.54,27.5,0,4,0,0,0,0,0,0,0,0,0,0,0,1,0,1,1,1,11,0,1
25.0,0,1,0,0,0,0,1,1,1,0,1,1,1,0,0,1,0,0,0,0,1,0,1,1,0.54,32.0,0,4,0,0,0,0,0,0,0,0,0,0,0,1,1,0,1,1,11,0,1
40.0,1,1,0,0,0,0,1,0,0,0,0,0,0,0,0,0,0,0,0,0,0,0,0,0,1.0,25.1,1,3,0,0,0,0,0,0,0,0,0,0,0,1,1,1,1,1,6,1,0
40.0,1,0,1,0,0,0,1,0,0,0,0,0,0,0,0,0,0,0,0,0,0,0,0,0,1.0,29.6,1,3,0,0,0,0,0,0,0,0,0,0,0,1,1,1,1,1,6,1,0
50.0,0,1,0,0,0,0,0,1,1,0,0,0,1,0,1,1,1,0,0,0,1,0,0,0,1.0,24.0,1,4,1,0,0,0,0,0,0,0,0,0,0,1,1,1,1,0,6,1,1
50.0,0,0,1,0,0,0,0,1,1,0,0,0,1,0,1,1,1,0,0,0,1,0,0,0,1.0,36.0,1,4,1,0,0,0,0,0,0,0,0,0,0,1,1,1,1,0,6,1,1
7.0,1,1,0,0,0,0,1,1,1,0,1,0,1,0,0,0,0,0,0,0,1,0,0,1,1.0,22.0,0,3,1,0,0,0,0,0,0,0,0,0,0,1,1,1,1,1,5,1,0
40.0,0,1,0,0,0,0,1,1,0,1,1,0,0,0,0,0,0,0,0,1,1,0,0,1,1.0,34.0,1,3,1,0,0,0,0,0,0,0,0,0,0,1,1,1,0,1,8,1,1
40.0,0,0,1,0,0,0,1,1,0,1,1,0,0,0,0,0,0,0,0,1,1,0,0,1,1.0,38.0,1,3,1,0,0,0,0,0,0,0,0,0,0,1,1,1,0,1,8,1,1
80.0,0,1,0,0,0,1,1,0,1,0,1,0,0,0,0,1,0,0,0,0,0,0,0,0,0.5,19.5,0,2,1,0,0,0,0,0,0,0,0,0,0,1,1,1,1,1,10,0,1
10.0,0,1,0,0,0,0,0,1,0,0,0,0,0,0,0,0,0,0,0,0,0,0,0,0,0.54,26.5,0,2,0,0,0,0,0,0,0,0,0,0,0,1,0,1,0,1,3,0,1
10.0,0,1,0,0,0,0,0,1,0,0,0,0,0,0,0,0,0,0,0,0,0,0,0,0,0.54,31.0,0,2,0,0,0,0,0,0,0,0,0,0,0,1,1,0,0,1,3,0,1
90.0,1,1,0,0,0,0,0,1,0,0,0,0,0,0,0,0,0,0,0,0,0,0,0,0,0.56,38.0,0,4,2,0,0,0,0,0,0,0,0,0,0,1,0,1,1,1,4,0,1
90.0,1,1,0,0,0,0,0,1,0,0,0,0,0,0,0,0,0,0,0,0,0,0,0,0,0.56,50.0,0,4,2,0,0,0,0,0,0,0,0,0,0,1,1,0,1,1,4,0,1
90.0,1,0,1,0,0,0,0,1,0,0,0,0,0,0,0,0,0,0,0,0,0,0,0,0,0.56,48.0,0,4,2,0,0,0,0,0,0,0,0,0,0,1,0,1,1,1,4,0,1
90.0,1,0,1,0,0,0,0,1,0,0,0,0,0,0,0,0,0,0,0,0,0,0,0,0,0.56,60.0,0,4,2,0,0,0,0,0,0,0,0,0,0,1,1,0,1,1,4,0,1
90.0,1,0,0,1,0,0,0,1,0,0,0,0,0,0,0,0,0,0,0,0,0,0,0,0,0.56,56.0,0,4,2,0,0,0,0,0,0,0,0,0,0,1,0,1,1,1,4,0,1
90.0,1,0,0,1,0,0,0,1,0,0,0,0,0,0,0,0,0,0,0,0,0,0,0,0,0.56,70.0,0,4,2,0,0,0,0,0,0,0,0,0,0,1,1,0,1,1,4,0,1
20.0,1,1,0,0,0,0,0,0,0,0,0,0,0,0,0,0,0,0,0,0,0,0,0,0,1.0,24.3,1,3,1,0,0,0,0,0,0,0,0,0,1,0,1,1,1,1,11,1,1
43.0,0,1,0,0,0,0,0,1,0,0,0,0,0,0,0,0,0,0,0,0,0,0,1,0,0.5,38.6,1,3,1,0,0,0,0,0,0,0,0,0,1,0,1,1,1,1,8,0,1
10.0,0,1,0,0,0,1,1,1,1,1,1,0,0,0,0,0,0,0,0,1,0,0,1,1,1.0,25.0,1,3,0,0,0,0,0,0,0,0,0,0,1,0,1,1,1,1,8,1,1
35.0,1,1,0,0,0,1,1,0,0,0,1,1,1,0,0,0,0,0,0,1,1,1,0,0,0.5,38.0,1,4,2,0,0,0,0,0,0,0,0,0,1,0,1,1,1,1,7,0,1
35.0,1,0,1,0,0,1,1,0,0,0,1,1,1,0,0,0,0,0,0,1,1,1,0,0,0.5,47.0,1,4,2,0,0,0,0,0,0,0,0,0,1,0,1,1,1,1,7,0,1
15.0,1,1,0,0,0,0,0,1,1,0,0,0,0,0,0,0,0,0,0,1,0,0,0,0,1.0,27.0,1,4,1,0,0,0,0,0,0,0,0,0,1,0,1,1,1,0,6,1,1
30.0,0,1,0,0,0,0,1,1,0,0,0,1,0,0,0,1,0,0,0,0,1,0,0,0,0.58,34.1,1,4,2,0,0,0,0,0,0,0,0,0,1,0,0,1,1,1,11,1,1
30.0,0,1,0,0,0,0,1,1,0,0,0,1,0,0,0,1,0,0,0,0,1,0,0,0,0.58,42.1,1,4,2,0,0,0,0,0,0,0,0,0,1,0,1,0,1,1,11,1,1
30.0,0,1,0,0,0,0,0,1,0,0,0,0,0,0,0,0,0,0,0,0,0,0,0,0,1.0,27.5,0,2,0,0,0,0,0,0,0,0,0,0,1,0,1,1,0,0,11,0,1
20.0,0,1,0,0,0,0,0,0,0,0,0,0,0,0,0,0,0,0,0,0,0,0,0,0,1.0,22.5,1,4,1,0,0,0,0,0,0,0,0,0,1,0,1,1,1,0,11,1,0
127.0,0,1,0,0,0,0,0,0,0,0,0,0,0,0,0,0,0,0,0,0,0,0,0,1,0.44,35.0,0,3,0,0,0,0,0,0,0,0,0,0,1,0,1,0,0,1,11,0,1
127.0,0,1,0,0,0,0,0,0,0,0,0,0,0,0,0,0,0,0,0,0,0,0,0,1,0.44,28.0,0,3,0,0,0,0,0,0,0,0,0,0,1,0,0,1,0,1,11,0,1
80.0,0,1,0,0,0,0,1,1,0,0,0,0,0,0,0,0,0,0,0,0,0,0,0,0,0.58,27.9,1,3,1,0,0,0,0,0,0,0,0,0,1,0,1,1,1,0,11,1,1
60.0,1,1,0,0,0,1,0,1,0,0,1,0,1,0,0,1,1,0,0,0,1,0,1,0,0.33,28.0,0,0,0,0,0,0,0,0,0,0,0,0,1,0,1,1,0,1,11,0,1
50.0,0,1,0,0,1,0,1,1,0,0,0,0,1,0,0,0,0,0,0,1,1,0,0,0,0.99,35.5,0,0,0,0,0,0,0,0,0,0,0,0,1,0,1,0,1,1,11,1,1
50.0,0,1,0,0,1,0,1,1,0,0,0,0,1,0,0,0,0,0,0,1,1,0,0,0,0.99,32.5,0,0,0,0,0,0,0,0,0,0,0,0,1,0,0,1,1,1,11,1,1
50.0,0,0,1,0,1,0,1,1,0,0,0,0,1,0,0,0,0,0,0,1,1,0,0,0,0.99,39.5,0,0,0,0,0,0,0,0,0,0,0,0,1,0,1,0,1,1,11,1,1
50.0,0,0,1,0,1,0,1,1,0,0,0,0,1,0,0,0,0,0,0,1,1,0,0,0,0.99,36.5,0,0,0,0,0,0,0,0,0,0,0,0,1,0,0,1,1,1,11,1,1
50.0,0,1,0,0,0,0,1,1,0,0,0,0,1,0,0,0,0,0,0,1,1,0,0,0,0.99,29.5,0,0,0,0,0,0,0,0,0,0,0,0,1,0,1,0,1,1,11,1,1
50.0,0,1,0,0,0,0,1,1,0,0,0,0,1,0,0,0,0,0,0,1,1,0,0,0,0.99,26.5,0,0,0,0,0,0,0,0,0,0,0,0,1,0,0,1,1,1,11,1,1
50.0,0,0,1,0,0,0,1,1,0,0,0,0,1,0,0,0,0,0,0,1,1,0,0,0,0.99,31.5,0,0,0,0,0,0,0,0,0,0,0,0,1,0,1,0,1,1,11,1,1
50.0,0,0,1,0,0,0,1,1,0,0,0,0,1,0,0,0,0,0,0,1,1,0,0,0,0.99,28.5,0,0,0,0,0,0,0,0,0,0,0,0,1,0,0,1,1,1,11,1,1
15.0,0,1,0,0,0,0,1,0,0,0,0,1,1,0,0,1,0,0,0,1,0,0,0,0,0.5,28.0,0,3,0,0,0,0,0,0,0,0,0,0,1,0,1,1,1,1,11,1,1
40.0,0,1,0,0,0,0,0,1,0,0,0,0,0,0,0,0,0,0,0,0,0,0,0,0,1.0,23.4,1,2,0,0,0,0,0,0,0,0,0,0,1,0,1,1,1,1,7,1,1
30.0,0,1,0,0,0,1,1,1,1,1,0,0,1,0,0,0,0,0,0,1,0,0,0,1,0.42,24.0,1,0,0,0,0,0,0,0,0,0,0,0,1,0,0,1,1,1,6,1,1
30.0,0,1,0,0,0,1,1,1,1,1,0,0,1,0,0,0,0,0,0,1,0,0,0,1,0.42,26.0,1,0,0,0,0,0,0,0,0,0,0,0,1,0,1,0,1,1,6,1,1
5.0,0,1,0,0,0,0,0,0,0,0,0,0,0,0,0,0,0,0,0,0,0,0,0,0,1.0,28.0,0,0,0,0,0,0,0,0,0,0,0,0,1,0,1,1,0,0,7,0,0
150.0,0,1,0,0,1,1,0,1,0,0,1,1,0,0,0,1,0,0,0,1,1,0,0,0,1.0,45.9,0,4,0,0,0,0,0,0,0,0,0,0,1,0,1,0,0,1,11,0,1
150.0,0,1,0,0,0,1,0,1,0,0,1,1,0,0,0,1,0,0,0,1,1,0,0,0,1.0,41.9,0,4,0,0,0,0,0,0,0,0,0,0,1,0,1,0,0,1,11,0,1
150.0,0,0,1,0,1,1,0,1,0,0,1,1,0,0,0,1,0,0,0,1,1,0,0,0,1.0,49.9,0,4,0,0,0,0,0,0,0,0,0,0,1,0,1,0,0,1,11,0,1
150.0,0,1,0,0,1,1,0,1,0,0,1,1,0,0,0,1,0,0,0,1,1,0,0,0,1.0,38.9,0,4,0,0,0,0,0,0,0,0,0,0,1,0,0,1,0,1,11,0,1
150.0,0,1,0,0,0,1,0,1,0,0,1,1,0,0,0,1,0,0,0,1,1,0,0,0,1.0,34.9,0,4,0,0,0,0,0,0,0,0,0,0,1,0,0,1,0,1,11,0,1
150.0,0,0,1,0,1,1,0,1,0,0,1,1,0,0,0,1,0,0,0,1,1,0,0,0,1.0,42.9,0,4,0,0,0,0,0,0,0,0,0,0,1,0,0,1,0,1,11,0,1
100.0,1,1,0,0,0,0,0,1,0,0,0,0,0,0,0,0,0,0,0,0,0,0,0,0,0.55,31.5,0,4,2,0,0,0,0,0,0,0,0,0,1,0,0,1,1,1,11,0,1
100.0,1,1,0,0,0,0,0,1,0,0,0,0,0,0,0,0,0,0,0,0,0,0,0,0,0.55,40.5,0,4,2,0,0,0,0,0,0,0,0,0,1,0,1,0,1,1,11,0,1
100.0,1,0,1,0,0,0,0,1,0,0,0,0,0,0,0,0,0,0,0,0,0,0,0,0,0.55,41.5,0,4,2,0,0,0,0,0,0,0,0,0,1,0,0,1,1,1,11,0,1
100.0,1,0,1,0,0,0,0,1,0,0,0,0,0,0,0,0,0,0,0,0,0,0,0,0,0.55,50.5,0,4,2,0,0,0,0,0,0,0,0,0,1,0,1,0,1,1,11,0,1
15.0,0,1,0,0,0,0,0,0,0,0,0,0,0,0,0,1,0,0,0,0,0,0,0,0,0.5,36.0,0,0,0,0,0,0,0,0,0,0,0,0,1,0,1,1,1,1,11,1,0
15.0,0,1,0,0,1,0,0,0,0,0,0,0,0,0,0,1,0,0,0,0,0,0,0,0,0.5,44.0,0,0,0,0,0,0,0,0,0,0,0,0,1,0,1,1,1,1,11,1,0
60.0,1,1,0,0,0,1,1,1,0,1,0,0,1,0,0,0,1,0,0,1,0,0,1,1,0.5,31.5,1,4,1,0,0,0,0,0,0,0,0,0,1,0,0,1,1,1,11,0,1
60.0,1,1,0,0,0,1,1,1,0,1,0,0,1,0,0,0,1,0,0,1,0,0,1,1,0.5,37.0,1,4,1,0,0,0,0,0,0,0,0,0,1,0,1,0,1,1,11,0,1
60.0,1,0,1,0,0,1,1,1,0,1,0,0,1,0,0,0,1,0,0,1,0,0,1,1,0.5,37.5,1,4,1,0,0,0,0,0,0,0,0,0,1,0,0,1,1,1,11,0,1
60.0,1,0,1,0,0,1,1,1,0,1,0,0,1,0,0,0,1,0,0,1,0,0,1,1,0.5,56.0,1,4,1,0,0,0,0,0,0,0,0,0,1,0,1,0,1,1,11,0,1
97.0,1,1,0,0,0,0,1,1,0,0,0,0,0,0,0,0,0,0,0,0,0,0,0,0,0.56,33.0,0,3,2,0,0,0,0,0,0,0,0,0,1,0,0,1,1,1,11,0,1
97.0,1,1,0,0,0,0,1,1,0,0,0,0,0,0,0,0,0,0,0,0,0,0,0,0,0.56,44.0,0,3,2,0,0,0,0,0,0,0,0,0,1,0,1,0,1,1,11,0,1
230.0,1,1,0,0,0,1,1,1,0,1,1,1,1,0,0,1,1,1,0,1,1,1,1,1,0.57,36.0,1,4,2,0,0,0,0,0,0,0,0,0,1,0,0,1,1,1,4,1,1
230.0,1,1,0,0,0,1,1,1,0,1,1,1,1,0,0,1,1,1,0,1,1,1,1,1,0.57,50.0,1,4,2,0,0,0,0,0,0,0,0,0,1,0,1,0,1,1,4,1,1
230.0,1,0,1,0,0,1,1,1,0,1,1,1,1,0,0,1,1,1,0,1,1,1,1,1,0.57,46.0,1,4,2,0,0,0,0,0,0,0,0,0,1,0,0,1,1,1,4,1,1
230.0,1,0,1,0,0,1,1,1,0,1,1,1,1,0,0,1,1,1,0,1,1,1,1,1,0.57,60.0,1,4,2,0,0,0,0,0,0,0,0,0,1,0,1,0,1,1,4,1,1
20.0,0,1,0,0,0,0,0,1,0,0,0,0,0,0,0,0,0,0,0,0,0,0,1,0,0.59,22.4,1,3,0,0,0,0,0,0,0,0,0,0,1,0,0,1,1,1,6,1,0
20.0,0,1,0,0,0,0,0,1,0,0,0,0,0,0,0,0,0,0,0,0,0,0,1,0,0.59,23.9,1,3,0,0,0,0,0,0,0,0,0,0,1,0,1,0,1,1,6,1,0
30.0,1,1,0,0,0,0,1,1,1,1,1,1,1,0,0,0,0,0,0,1,1,0,0,1,0.57,29.5,1,3,1,0,0,0,0,0,0,0,0,0,1,0,1,1,0,0,6,1,1
70.0,0,1,0,0,1,1,1,1,0,1,1,1,1,0,1,1,1,0,0,1,1,0,1,1,0.67,34.7,1,4,2,0,0,0,0,0,0,0,0,0,1,0,1,1,1,1,5,1,0
70.0,0,1,0,0,0,1,1,1,0,1,1,1,1,0,1,1,1,0,0,1,1,0,1,1,0.67,29.7,1,4,2,0,0,0,0,0,0,0,0,0,1,0,1,1,1,1,5,1,0
25.0,0,1,0,0,0,0,1,0,0,0,0,1,0,0,0,0,0,0,0,0,0,0,0,0,0.58,16.0,0,1,1,0,0,0,0,0,0,0,0,0,1,0,1,1,0,0,3,1,1
10.0,0,1,0,0,0,0,1,0,0,0,0,0,0,0,0,0,0,0,0,0,0,0,0,0,1.0,15.5,1,3,1,0,0,0,0,0,0,0,0,0,1,0,1,1,1,0,0,1,1
8.0,0,1,0,0,0,1,1,1,1,0,0,0,0,0,0,0,0,0,0,0,1,0,0,0,1.0,26.0,0,3,1,0,0,0,0,0,0,0,0,0,1,0,1,1,1,1,3,0,1
20.0,0,1,0,0,0,1,1,1,0,0,1,1,0,0,0,0,0,0,0,1,1,0,0,0,1.0,29.8,1,3,0,0,0,0,0,0,0,0,0,0,1,0,1,1,1,1,1,0,1
6.0,1,1,0,0,0,0,1,0,0,0,0,0,0,0,0,0,0,0,0,0,0,0,0,0,0.58,17.5,0,0,0,0,0,0,0,0,0,0,0,0,1,0,1,1,0,0,11,0,0
130.0,1,1,0,0,0,1,1,1,0,1,1,1,1,1,0,1,1,0,0,1,1,1,0,1,1.0,44.0,1,5,1,0,0,0,0,0,0,0,0,0,1,0,0,1,1,0,11,0,1
130.0,1,0,1,0,0,1,1,1,0,1,1,1,1,1,0,1,1,0,0,1,1,1,0,1,1.0,54.0,1,5,1,0,0,0,0,0,0,0,0,0,1,0,0,1,1,0,11,0,1
130.0,1,1,0,0,0,1,1,1,0,1,1,1,1,1,0,1,1,0,0,1,1,1,0,1,1.0,48.0,1,5,1,0,0,0,0,0,0,0,0,0,1,0,1,0,1,0,11,0,1
130.0,1,0,1,0,0,1,1,1,0,1,1,1,1,1,0,1,1,0,0,1,1,1,0,1,1.0,58.0,1,5,1,0,0,0,0,0,0,0,0,0,1,0,1,0,1,0,11,0,1
20.0,0,1,0,0,0,0,0,1,0,1,1,1,1,0,0,0,0,0,0,0,0,0,0,0,0.54,26.0,0,3,0,0,0,0,0,0,0,0,0,0,1,0,1,1,1,1,11,1,0
20.0,0,0,1,0,0,0,0,1,0,1,1,1,1,0,0,0,0,0,0,0,0,0,0,0,0.54,34.0,0,3,0,0,0,0,0,0,0,0,0,0,1,0,1,1,1,1,11,1,0
27.0,0,1,0,0,0,1,1,1,1,1,0,1,1,0,0,1,0,0,0,0,0,0,0,0,0.49,31.0,1,3,1,0,0,0,0,0,0,0,0,0,1,0,0,1,1,1,5,1,0
27.0,0,1,0,0,0,1,1,1,1,1,0,1,1,0,0,1,0,0,0,0,0,0,0,0,0.49,32.0,1,3,1,0,0,0,0,0,0,0,0,0,1,0,1,0,1,1,5,1,0
85.0,1,1,0,0,0,0,1,1,0,0,0,0,0,0,0,0,0,0,0,0,0,0,0,0,1.0,36.0,1,3,1,0,0,0,0,0,0,0,0,0,1,0,0,1,1,0,11,1,1
85.0,1,1,0,0,0,0,1,1,0,0,0,0,0,0,0,0,0,0,0,0,0,0,0,0,1.0,41.0,1,3,1,0,0,0,0,0,0,0,0,0,1,0,1,0,1,0,11,1,1
85.0,1,0,1,0,0,0,1,1,0,0,0,0,0,0,0,0,0,0,0,0,0,0,0,0,1.0,42.0,1,3,1,0,0,0,0,0,0,0,0,0,1,0,0,1,1,0,11,1,1
85.0,1,0,1,0,0,0,1,1,0,0,0,0,0,0,0,0,0,0,0,0,0,0,0,0,1.0,49.0,1,3,1,0,0,0,0,0,0,0,0,0,1,0,1,0,1,0,11,1,1
75.0,0,1,0,0,0,1,1,1,0,1,1,1,1,0,1,0,1,0,0,0,1,0,0,0,0.59,31.5,0,4,1,0,0,0,0,1,0,0,0,0,0,0,1,1,1,1,11,0,1
10.0,1,1,0,0,0,0,1,1,0,1,1,1,0,0,0,0,0,0,0,0,0,0,0,0,1.0,35.5,0,0,0,0,0,0,0,1,0,0,0,0,0,0,1,1,1,1,4,1,0
20.0,0,1,0,0,0,0,0,0,0,0,0,0,0,0,0,0,0,0,0,0,0,0,0,0,0.55,14.0,0,2,0,0,0,0,0,1,0,0,0,0,0,0,1,1,0,0,8,1,1
127.0,1,1,0,0,0,0,1,1,0,0,0,1,1,0,0,0,1,0,0,0,0,0,1,1,1.0,39.0,0,4,2,0,0,0,0,1,0,0,0,0,0,0,0,1,1,1,7,0,1
127.0,1,1,0,0,0,0,1,1,0,0,0,1,1,0,0,0,1,0,0,0,0,0,1,1,1.0,50.0,0,4,2,0,0,0,0,1,0,0,0,0,0,0,1,0,1,1,7,0,1
127.0,1,0,1,0,0,0,1,1,0,0,0,1,1,0,0,0,1,0,0,0,0,0,1,1,1.0,49.0,0,4,2,0,0,0,0,1,0,0,0,0,0,0,0,1,1,1,7,0,1
127.0,1,0,1,0,0,0,1,1,0,0,0,1,1,0,0,0,1,0,0,0,0,0,1,1,1.0,60.0,0,4,2,0,0,0,0,1,0,0,0,0,0,0,1,0,1,1,7,0,1
30.0,0,1,0,0,0,0,0,1,0,0,0,0,0,0,0,0,0,0,0,0,0,0,0,0,0.61,24.0,0,2,0,0,0,0,0,1,0,0,0,0,0,0,0,1,0,1,6,0,1
30.0,0,1,0,0,0,0,0,1,0,0,0,0,0,0,0,0,0,0,0,0,0,0,0,0,0.61,26.5,0,2,0,0,0,0,0,1,0,0,0,0,0,0,1,0,0,1,6,0,1
30.0,1,1,0,0,0,0,1,1,1,1,1,1,1,0,0,0,1,1,0,1,1,0,0,0,0.58,27.0,1,4,1,0,0,0,0,1,0,0,0,0,0,0,1,1,1,1,0,0,1
30.0,1,0,1,0,0,0,1,1,1,1,1,1,1,0,0,0,1,1,0,1,1,0,0,0,0.58,37.0,1,4,1,0,0,0,0,1,0,0,0,0,0,0,1,1,1,1,0,0,1
30.0,0,1,0,0,0,0,0,1,0,0,0,0,0,0,0,0,0,0,0,0,0,0,0,0,0.58,23.0,0,4,0,0,0,0,0,1,0,0,0,0,0,0,1,1,0,0,2,0,1
30.0,0,0,1,0,0,0,0,1,0,0,0,0,0,0,0,0,0,0,0,0,0,0,0,0,0.58,27.0,0,4,0,0,0,0,0,1,0,0,0,0,0,0,1,1,0,0,2,0,1
40.0,0,1,0,0,0,0,1,1,0,0,0,0,0,0,0,0,0,0,0,0,0,0,0,1,0.59,37.0,0,4,1,0,0,0,0,1,0,0,0,0,0,0,1,1,0,1,3,1,1
50.0,1,1,0,0,0,0,1,1,0,0,0,0,0,0,0,0,0,0,0,0,0,0,1,0,0.63,24.0,0,3,0,0,0,0,0,1,0,0,0,0,0,0,1,1,0,1,7,0,1
50.0,1,0,1,0,0,0,1,1,0,0,0,0,0,0,0,0,0,0,0,0,0,0,1,0,0.63,32.0,0,3,0,0,0,0,0,1,0,0,0,0,0,0,1,1,0,1,7,0,1
20.0,0,1,0,0,0,0,0,0,0,0,0,0,0,0,0,0,0,0,0,0,0,0,0,0,0.51,19.7,0,1,1,0,0,0,0,1,0,0,0,0,0,0,1,0,0,0,2,0,1
20.0,0,1,0,0,0,0,0,0,0,0,0,0,0,0,0,0,0,0,0,0,0,0,0,0,0.51,18.7,0,1,1,0,0,0,0,1,0,0,0,0,0,0,0,1,0,0,2,0,1
50.0,0,1,0,0,0,1,1,1,0,0,0,1,0,0,0,0,0,0,0,0,0,0,0,0,0.51,28.0,0,0,1,0,0,0,0,1,0,0,0,0,0,0,1,1,1,1,8,1,1
50.0,0,0,1,0,0,1,1,1,0,0,0,1,0,0,0,0,0,0,0,0,0,0,0,0,0.51,36.0,0,0,1,0,0,0,0,1,0,0,0,0,0,0,1,1,1,1,8,1,1
10.0,1,1,0,0,0,0,0,0,1,0,0,0,0,0,0,0,0,1,0,1,1,0,0,0,1.0,31.0,0,0,1,0,0,0,0,1,0,0,0,0,0,0,1,1,1,0,11,0,1
120.0,0,1,0,0,0,1,1,1,1,1,0,1,1,0,0,1,0,0,0,0,1,0,0,0,1.0,32.2,1,4,1,0,1,0,0,0,0,0,0,0,0,0,0,1,1,1,11,0,1
120.0,0,0,1,0,0,1,1,1,1,1,0,1,1,0,0,1,0,0,0,0,1,0,0,0,1.0,36.1,1,4,1,0,1,0,0,0,0,0,0,0,0,0,0,1,1,1,11,0,1
120.0,0,1,0,0,0,1,1,1,1,1,0,1,1,0,0,1,0,0,0,0,1,0,0,0,1.0,44.8,1,4,1,0,1,0,0,0,0,0,0,0,0,0,1,0,1,1,11,0,1
120.0,0,0,1,0,0,1,1,1,1,1,0,1,1,0,0,1,0,0,0,0,1,0,0,0,1.0,60.8,1,4,1,0,1,0,0,0,0,0,0,0,0,0,1,0,1,1,11,0,1
80.0,0,1,0,0,0,1,1,1,1,0,1,0,1,0,0,0,1,0,0,1,1,0,1,1,0.51,37.3,1,4,1,0,1,0,0,0,0,0,0,0,0,0,0,1,1,1,11,1,1
80.0,0,1,0,0,0,1,1,1,1,0,1,0,1,0,0,0,1,0,0,1,1,0,1,1,0.51,43.3,1,4,1,0,1,0,0,0,0,0,0,0,0,0,1,0,1,1,11,1,1
80.0,0,0,1,0,0,1,1,1,1,0,1,0,1,0,0,0,1,0,0,1,1,0,1,1,0.51,41.3,1,4,1,0,1,0,0,0,0,0,0,0,0,0,0,1,1,1,11,1,1
80.0,0,0,1,0,0,1,1,1,1,0,1,0,1,0,0,0,1,0,0,1,1,0,1,1,0.51,54.3,1,4,1,0,1,0,0,0,0,0,0,0,0,0,1,0,1,1,11,1,1
70.0,0,1,0,0,0,0,0,0,0,0,0,0,0,0,0,0,0,0,0,0,0,0,0,0,0.52,41.0,1,4,0,0,1,0,0,0,0,0,0,0,0,0,0,1,1,1,11,1,1
70.0,0,1,0,0,0,0,0,0,0,0,0,0,0,0,0,0,0,0,0,0,0,0,0,0,0.52,47.0,1,4,0,0,1,0,0,0,0,0,0,0,0,0,1,0,1,1,11,1,1
70.0,0,0,1,0,0,0,0,0,0,0,0,0,0,0,0,0,0,0,0,0,0,0,0,0,0.52,47.0,1,4,0,0,1,0,0,0,0,0,0,0,0,0,0,1,1,1,11,1,1
70.0,0,0,1,0,0,0,0,0,0,0,0,0,0,0,0,0,0,0,0,0,0,0,0,0,0.52,53.0,1,4,0,0,1,0,0,0,0,0,0,0,0,0,1,0,1,1,11,1,1
70.0,0,0,0,1,0,0,0,0,0,0,0,0,0,0,0,0,0,0,0,0,0,0,0,0,0.52,50.0,1,4,0,0,1,0,0,0,0,0,0,0,0,0,0,1,1,1,11,1,1
70.0,0,0,0,1,0,0,0,0,0,0,0,0,0,0,0,0,0,0,0,0,0,0,0,0,0.52,56.0,1,4,0,0,1,0,0,0,0,0,0,0,0,0,1,0,1,1,11,1,1
105.0,1,1,0,0,0,0,0,1,0,0,0,0,0,0,0,0,0,0,0,0,0,0,0,0,0.55,31.8,1,3,2,0,1,0,0,0,0,0,0,0,0,0,0,1,1,1,11,1,1
105.0,1,1,0,0,0,0,0,1,0,0,0,0,0,0,0,0,0,0,0,0,0,0,0,0,0.55,40.8,1,3,2,0,1,0,0,0,0,0,0,0,0,0,1,0,1,1,11,1,1
105.0,1,0,1,0,0,0,0,1,0,0,0,0,0,0,0,0,0,0,0,0,0,0,0,0,0.55,41.8,1,3,2,0,1,0,0,0,0,0,0,0,0,0,0,1,1,1,11,1,1
105.0,1,0,1,0,0,0,0,1,0,0,0,0,0,0,0,0,0,0,0,0,0,0,0,0,0.55,50.8,1,3,2,0,1,0,0,0,0,0,0,0,0,0,1,0,1,1,11,1,1
60.0,1,1,0,0,0,0,0,1,1,0,0,0,1,0,0,0,0,0,0,0,0,0,0,0,0.5,24.8,1,3,1,0,1,0,0,0,0,0,0,0,0,0,0,1,1,0,11,1,1
60.0,1,1,0,0,0,0,0,1,1,0,0,0,1,0,0,0,0,0,0,0,0,0,0,0,0.5,27.8,1,3,1,0,1,0,0,0,0,0,0,0,0,0,1,0,1,0,11,1,1
60.0,1,0,1,0,0,0,0,1,1,0,0,0,1,0,0,0,0,0,0,0,0,0,0,0,0.5,32.8,1,3,1,0,1,0,0,0,0,0,0,0,0,0,0,1,1,0,11,1,1
60.0,1,0,1,0,0,0,0,1,1,0,0,0,1,0,0,0,0,0,0,0,0,0,0,0,0.5,35.8,1,3,1,0,1,0,0,0,0,0,0,0,0,0,1,0,1,0,11,1,1
107.0,1,1,0,0,0,0,0,1,0,0,0,0,0,0,0,0,0,0,0,0,0,0,0,0,0.56,36.8,1,4,2,0,1,0,0,0,0,0,0,0,0,0,0,1,1,1,11,1,1
107.0,1,1,0,0,0,0,0,1,0,0,0,0,0,0,0,0,0,0,0,0,0,0,0,0,0.56,46.8,1,4,2,0,1,0,0,0,0,0,0,0,0,0,1,0,1,1,11,1,1
107.0,1,0,1,0,0,0,0,1,0,0,0,0,0,0,0,0,0,0,0,0,0,0,0,0,0.56,46.8,1,4,2,0,1,0,0,0,0,0,0,0,0,0,0,1,1,1,11,1,1
107.0,1,0,1,0,0,0,0,1,0,0,0,0,0,0,0,0,0,0,0,0,0,0,0,0,0.56,56.8,1,4,2,0,1,0,0,0,0,0,0,0,0,0,1,0,1,1,11,1,1
20.0,1,0,1,0,0,0,1,1,0,0,0,0,0,0,0,0,0,0,0,0,0,0,0,0,0.58,49.8,0,3,1,0,1,0,0,0,0,0,0,0,0,0,1,1,1,1,11,0,1
70.0,0,1,0,0,0,0,1,1,0,1,0,0,0,0,0,0,0,0,0,0,0,0,0,0,0.56,34.0,1,3,1,0,1,0,0,0,0,0,0,0,0,0,0,1,1,1,11,1,1
70.0,0,1,0,0,0,0,1,1,0,1,0,0,0,0,0,0,0,0,0,0,0,0,0,0,0.56,39.0,1,3,1,0,1,0,0,0,0,0,0,0,0,0,1,0,1,1,11,1,1
70.0,0,1,0,0,1,0,1,1,0,1,0,0,0,0,0,0,0,0,0,0,0,0,0,0,0.56,32.0,1,3,1,0,1,0,0,0,0,0,0,0,0,0,0,1,1,1,11,1,1
70.0,0,1,0,0,1,0,1,1,0,1,0,0,0,0,0,0,0,0,0,0,0,0,0,0,0.56,36.0,1,3,1,0,1,0,0,0,0,0,0,0,0,0,1,0,1,1,11,1,1
45.0,0,1,0,0,0,0,1,1,1,0,1,1,1,0,0,0,0,0,0,1,1,0,0,0,0.49,28.0,1,3,1,0,1,0,0,0,0,0,0,0,0,0,0,1,1,1,11,1,1
45.0,0,0,1,0,0,0,1,1,1,0,1,1,1,0,0,0,0,0,0,1,1,0,0,0,0.49,35.0,1,3,1,0,1,0,0,0,0,0,0,0,0,0,0,1,1,1,11,1,1
45.0,0,1,0,0,0,0,1,1,1,0,1,1,1,0,0,0,0,0,0,1,1,0,0,0,0.49,30.0,1,3,1,0,1,0,0,0,0,0,0,0,0,0,1,0,1,1,11,1,1
45.0,0,0,1,0,0,0,1,1,1,0,1,1,1,0,0,0,0,0,0,1,1,0,0,0,0.49,43.0,1,3,1,0,1,0,0,0,0,0,0,0,0,0,1,0,1,1,11,1,1
24.0,1,1,0,0,0,0,1,1,1,1,1,0,0,0,0,0,0,0,0,1,1,0,0,0,0.54,26.6,1,2,0,0,1,0,0,0,0,0,0,0,0,0,0,1,1,0,11,0,1
24.0,1,1,0,0,0,0,1,1,1,1,1,0,0,0,0,0,0,0,0,1,1,0,0,0,0.54,33.6,1,2,0,0,1,0,0,0,0,0,0,0,0,0,1,0,1,0,11,0,1
127.0,1,1,0,0,0,1,1,0,1,1,1,1,1,0,0,0,0,0,0,1,1,0,0,0,0.88,48.9,1,5,2,0,1,0,0,0,0,0,0,0,0,0,1,0,1,1,11,1,1
127.0,1,0,1,0,0,1,1,0,1,1,1,1,1,0,0,0,0,0,0,1,1,0,0,0,0.88,66.4,1,5,2,0,1,0,0,0,0,0,0,0,0,0,1,0,1,1,11,1,1
127.0,1,1,0,0,0,1,1,0,1,1,1,1,1,0,0,0,0,0,0,1,1,0,0,0,0.88,44.8,1,5,2,0,1,0,0,0,0,0,0,0,0,0,0,1,1,1,11,1,1
127.0,1,0,1,0,0,1,1,0,1,1,1,1,1,0,0,0,0,0,0,1,1,0,0,0,0.88,60.2,1,5,2,0,1,0,0,0,0,0,0,0,0,0,0,1,1,1,11,1,1
70.0,1,1,0,0,0,0,1,0,1,0,0,0,0,0,0,0,0,0,0,0,0,0,0,0,0.42,26.0,1,3,1,0,1,0,0,0,0,0,0,0,0,0,0,1,1,1,10,1,1
70.0,1,1,0,0,0,0,1,0,1,0,0,0,0,0,0,0,0,0,0,0,0,0,0,0,0.42,28.0,1,3,1,0,1,0,0,0,0,0,0,0,0,0,1,0,1,1,10,1,1
40.0,1,1,0,0,0,0,0,1,0,0,0,0,0,0,0,0,0,0,0,0,0,0,0,0,0.46,29.0,1,3,1,0,1,0,0,0,0,0,0,0,0,0,0,1,1,0,11,1,0
40.0,1,1,0,0,0,0,0,1,0,0,0,0,0,0,0,0,0,0,0,0,0,0,0,0,0.46,31.5,1,3,1,0,1,0,0,0,0,0,0,0,0,0,1,0,1,0,11,1,0
60.0,0,1,0,0,0,1,0,1,0,0,1,1,1,0,0,0,0,0,0,0,1,0,0,0,0.96,40.2,1,4,0,0,1,0,0,0,0,0,0,0,0,0,1,0,1,1,11,1,1
60.0,0,0,1,0,0,1,0,1,0,0,1,1,1,0,0,0,0,0,0,0,1,0,0,0,0.96,49.2,1,4,0,0,1,0,0,0,0,0,0,0,0,0,1,0,1,1,11,1,1
80.0,1,0,1,0,0,0,0,0,0,0,0,0,1,0,0,0,0,0,0,0,0,0,0,0,0.47,36.0,1,3,0,0,1,0,0,0,0,0,0,0,0,0,0,1,1,1,11,1,1
80.0,1,0,1,0,0,0,0,0,0,0,0,0,1,0,0,0,0,0,0,0,0,0,0,0,0.47,43.0,1,3,0,0,1,0,0,0,0,0,0,0,0,0,1,0,1,1,11,1,1
14.0,1,1,0,0,0,0,0,1,0,0,0,0,0,0,0,1,0,0,0,0,0,0,0,0,0.58,29.0,0,2,0,0,1,0,0,0,0,0,0,0,0,0,1,1,1,1,9,1,1
14.0,1,0,1,0,0,0,0,1,0,0,0,0,0,0,0,1,0,0,0,0,0,0,0,0,0.58,37.0,0,2,0,0,1,0,0,0,0,0,0,0,0,0,1,1,1,1,9,1,1
30.0,0,1,0,0,0,0,0,1,0,0,0,0,0,0,0,0,0,0,0,0,0,0,0,0,0.58,26.5,1,2,0,0,1,0,0,0,0,0,0,0,0,0,1,1,1,1,9,1,1
30.0,0,1,0,0,1,0,0,1,0,0,0,0,0,0,0,0,0,0,0,0,0,0,0,0,0.58,30.5,1,2,0,0,1,0,0,0,0,0,0,0,0,0,1,1,1,1,9,1,1
40.0,0,1,0,0,0,0,1,1,1,0,0,0,0,0,0,0,0,0,0,0,0,0,0,0,0.84,30.5,1,4,1,0,1,0,0,0,0,0,0,0,0,0,0,1,1,0,11,0,1
40.0,0,1,0,0,0,0,1,1,1,0,0,0,0,0,0,0,0,0,0,0,0,0,0,0,0.84,37.5,1,4,1,0,1,0,0,0,0,0,0,0,0,0,1,0,1,0,11,0,1
40.0,0,0,1,0,0,0,1,1,1,0,0,0,0,0,0,0,0,0,0,0,0,0,0,0,0.84,39.5,1,4,1,0,1,0,0,0,0,0,0,0,0,0,0,1,1,0,11,0,1
40.0,0,0,1,0,0,0,1,1,1,0,0,0,0,0,0,0,0,0,0,0,0,0,0,0,0.84,43.5,1,4,1,0,1,0,0,0,0,0,0,0,0,0,1,0,1,0,11,0,1
45.0,0,1,0,0,0,0,0,1,0,1,0,0,1,0,0,0,0,0,0,0,1,0,0,1,0.5,28.5,0,3,1,0,1,0,0,0,0,0,0,0,0,0,0,1,1,0,11,1,1
45.0,0,1,0,0,0,0,0,1,0,1,0,0,1,0,0,0,0,0,0,0,1,0,0,1,0.5,30.5,0,3,1,0,1,0,0,0,0,0,0,0,0,0,1,0,1,0,11,1,1
27.0,0,1,0,0,0,0,0,1,0,0,0,0,0,0,0,0,0,0,0,0,0,0,0,0,0.67,29.0,1,3,1,0,1,0,0,0,0,0,0,0,0,0,1,1,1,1,11,1,1
30.0,1,1,0,0,0,0,0,1,0,0,0,0,1,0,0,0,0,0,0,0,0,0,0,0,1.0,34.0,1,3,1,0,1,0,0,0,0,0,0,0,0,0,1,1,1,0,11,1,1
30.0,1,0,1,0,0,0,0,1,0,0,0,0,1,0,0,0,0,0,0,0,0,0,0,0,1.0,42.0,1,3,1,0,1,0,0,0,0,0,0,0,0,0,1,1,1,0,11,1,1
30.0,0,1,0,0,0,0,1,1,0,0,0,0,0,0,0,0,0,0,0,0,0,0,0,0,0.5,29.5,0,2,1,0,1,0,0,0,0,0,0,0,0,0,1,1,1,0,11,1,1
50.0,1,1,0,0,0,0,1,0,0,0,0,0,0,0,0,0,0,0,0,0,0,0,0,0,0.5,32.0,0,2,1,0,1,0,0,0,0,0,0,0,0,0,1,1,0,0,11,0,0
65.0,0,1,0,0,0,0,1,1,0,0,0,1,1,0,0,1,0,0,0,0,1,0,0,0,1.0,32.5,1,4,1,0,1,0,0,0,0,0,0,0,0,0,1,0,1,1,11,1,1
65.0,0,0,1,0,0,0,1,1,0,0,0,1,1,0,0,1,0,0,0,0,1,0,0,0,1.0,40.5,1,4,1,0,1,0,0,0,0,0,0,0,0,0,1,0,1,1,11,1,1
65.0,0,1,0,0,0,0,1,1,0,0,0,1,1,0,0,1,0,0,0,0,1,0,0,0,1.0,31.5,1,4,1,0,1,0,0,0,0,0,0,0,0,0,0,1,1,1,11,1,1
65.0,0,0,1,0,0,0,1,1,0,0,0,1,1,0,0,1,0,0,0,0,1,0,0,0,1.0,39.5,1,4,1,0,1,0,0,0,0,0,0,0,0,0,0,1,1,1,11,1,1
80.0,1,1,0,0,0,0,1,1,0,0,0,0,0,0,0,0,0,0,0,0,0,0,0,0,0.46,32.0,1,3,2,0,1,0,0,0,0,0,0,0,0,0,1,0,1,0,11,1,1
80.0,1,1,0,0,0,0,1,1,0,0,0,0,0,0,0,0,0,0,0,0,0,0,0,0,0.46,27.5,1,3,2,0,1,0,0,0,0,0,0,0,0,0,0,1,1,0,11,1,1
10.0,0,1,0,0,0,1,1,1,0,0,1,1,1,0,0,0,0,0,0,1,1,0,0,0,1.0,26.0,0,3,0,0,1,0,0,0,0,0,0,0,0,0,1,1,1,0,1,0,1
127.0,1,1,0,0,0,0,0,1,0,0,0,0,0,0,0,0,0,0,0,0,0,0,0,0,0.56,38.0,1,4,2,0,1,0,0,0,0,0,0,0,0,0,0,1,1,1,11,1,1
127.0,1,1,0,0,0,0,0,1,0,0,0,0,0,0,0,0,0,0,0,0,0,0,0,0,0.56,57.0,1,4,2,0,1,0,0,0,0,0,0,0,0,0,1,0,1,1,11,1,1
127.0,1,0,1,0,0,0,0,1,0,0,0,0,0,0,0,0,0,0,0,0,0,0,0,0,0.56,48.0,1,4,2,0,1,0,0,0,0,0,0,0,0,0,0,1,1,1,11,1,1
127.0,1,0,1,0,0,0,0,1,0,0,0,0,0,0,0,0,0,0,0,0,0,0,0,0,0.56,64.0,1,4,2,0,1,0,0,0,0,0,0,0,0,0,1,0,1,1,11,1,1
127.0,1,0,0,1,0,0,0,1,0,0,0,0,0,0,0,0,0,0,0,0,0,0,0,0,0.56,56.0,1,4,2,0,1,0,0,0,0,0,0,0,0,0,0,1,1,1,11,1,1
127.0,1,0,0,1,0,0,0,1,0,0,0,0,0,0,0,0,0,0,0,0,0,0,0,0,0.56,74.0,1,4,2,0,1,0,0,0,0,0,0,0,0,0,1,0,1,1,11,1,1
15.0,0,1,0,0,0,0,0,1,0,0,0,0,0,0,0,0,0,0,0,0,0,0,0,0,1.0,29.0,1,3,0,0,1,0,0,0,0,0,0,0,0,0,0,1,1,1,6,1,1
15.0,1,1,0,0,0,0,0,1,0,0,0,0,0,0,0,0,0,0,0,0,0,0,0,0,1.0,32.0,1,3,0,0,1,0,0,0,0,0,0,0,0,0,1,0,1,1,6,1,1
40.0,0,1,0,0,0,0,1,1,1,1,1,1,1,0,0,0,0,0,0,0,1,0,0,0,1.0,34.1,1,3,1,0,1,0,0,0,0,0,0,0,0,0,1,0,1,1,6,1,1
40.0,0,1,0,0,0,0,1,1,1,1,1,1,1,0,0,0,0,0,0,0,1,0,0,0,1.0,29.9,1,3,1,0,1,0,0,0,0,0,0,0,0,0,0,1,1,1,6,1,1
15.0,1,1,0,0,0,0,1,1,0,0,1,0,0,0,0,1,0,0,0,1,1,0,0,0,0.93,28.8,1,0,0,0,1,0,0,0,0,0,0,0,0,0,0,1,1,1,8,0,1
15.0,1,0,1,0,0,0,1,1,0,0,1,0,0,0,0,1,0,0,0,1,1,0,0,0,0.93,38.8,1,0,0,0,1,0,0,0,0,0,0,0,0,0,0,1,1,1,8,0,1
15.0,1,1,0,0,0,0,1,1,0,0,1,0,0,0,0,1,0,0,0,1,1,0,0,0,0.93,38.8,1,0,0,0,1,0,0,0,0,0,0,0,0,0,1,0,1,1,8,0,1
15.0,1,0,1,0,0,0,1,1,0,0,1,0,0,0,0,1,0,0,0,1,1,0,0,0,0.93,44.8,1,0,0,0,1,0,0,0,0,0,0,0,0,0,1,0,1,1,8,0,1
16.0,0,1,0,0,0,1,1,1,1,1,0,0,0,0,0,0,0,0,0,0,0,0,0,0,1.0,34.5,1,4,2,0,1,0,0,0,0,0,0,0,0,0,1,1,1,1,2,0,1
10.0,0,1,0,0,0,0,1,1,1,1,1,0,0,0,0,0,1,0,0,0,1,0,0,1,1.0,17.5,1,4,0,0,1,0,0,0,0,0,0,0,0,0,1,1,1,1,2,1,0
30.0,1,1,0,0,0,1,1,1,1,0,1,1,1,0,1,0,0,0,0,0,1,0,0,1,1.0,28.0,0,0,1,0,1,0,0,0,0,0,0,0,0,0,1,1,1,1,1,1,0
35.0,1,1,0,0,0,0,1,1,1,1,1,1,1,0,0,0,0,0,0,0,1,0,0,0,1.0,26.5,1,3,0,0,1,0,0,0,0,0,0,0,0,0,1,1,1,0,3,0,1
25.0,0,1,0,0,0,1,1,1,1,1,1,0,1,0,0,1,1,0,0,1,0,0,0,0,1.0,29.2,1,4,2,0,1,0,0,0,0,0,0,0,0,0,1,1,1,1,3,1,1
25.0,0,0,1,0,0,1,1,1,1,1,1,0,1,0,0,1,1,0,0,1,0,0,0,0,1.0,31.2,1,4,2,0,1,0,0,0,0,0,0,0,0,0,1,1,1,1,3,1,1
20.0,0,1,0,0,0,0,0,1,0,0,0,0,0,0,0,0,0,0,0,0,0,0,0,0,0.83,30.8,0,3,2,0,1,0,0,0,0,0,0,0,0,0,1,1,1,1,6,1,1
30.0,1,1,0,0,0,0,1,1,1,0,1,1,1,0,0,0,0,0,0,1,1,0,0,0,1.0,18.0,1,3,1,0,1,0,0,0,0,0,0,0,0,0,1,1,1,1,6,0,1
27.0,0,1,0,0,0,0,0,1,0,0,0,0,0,0,0,0,0,0,0,0,0,0,0,0,1.0,32.0,0,4,1,0,1,0,0,0,0,0,0,0,0,0,1,0,1,1,5,1,1
27.0,0,1,0,0,0,0,0,1,0,0,0,0,0,0,0,0,0,0,0,0,0,0,0,0,1.0,31.0,0,4,1,0,1,0,0,0,0,0,0,0,0,0,0,1,1,1,5,1,1
40.0,0,1,0,0,0,0,0,1,0,0,0,0,0,0,0,0,0,0,0,0,0,0,0,0,1.0,29.7,1,3,1,0,1,0,0,0,0,0,0,0,0,0,0,1,1,1,5,1,1
40.0,0,1,0,0,0,0,0,1,0,0,0,0,0,0,0,0,0,0,0,0,0,0,0,0,1.0,32.7,1,3,1,0,1,0,0,0,0,0,0,0,0,0,1,0,1,1,5,1,1
60.0,1,1,0,0,0,0,0,1,0,0,0,0,0,0,0,0,0,0,0,0,0,0,0,1,0.57,36.55,1,3,0,0,0,1,0,0,0,0,0,0,0,0,0,1,1,1,3,1,0
60.0,1,1,0,0,0,0,0,1,0,0,0,0,0,0,0,0,0,0,0,0,0,0,0,1,0.57,48.55,1,3,0,0,0,1,0,0,0,0,0,0,0,0,1,0,1,1,3,1,0
60.0,1,0,1,0,0,0,0,1,0,0,0,0,0,0,0,0,0,0,0,0,0,0,0,1,0.57,48.55,1,3,0,0,0,1,0,0,0,0,0,0,0,0,0,1,1,1,3,1,0
60.0,1,0,1,0,0,0,0,1,0,0,0,0,0,0,0,0,0,0,0,0,0,0,0,1,0.57,60.55,1,3,0,0,0,1,0,0,0,0,0,0,0,0,1,0,1,1,3,1,0
50.0,0,1,0,0,0,0,0,1,0,0,0,0,0,0,0,0,0,0,0,0,0,0,1,1,0.63,23.0,0,3,0,0,0,1,0,0,0,0,0,0,0,0,0,1,0,0,6,1,1
50.0,0,1,0,0,0,0,0,1,0,0,0,0,0,0,0,0,0,0,0,0,0,0,1,1,0.63,27.0,0,3,0,0,0,1,0,0,0,0,0,0,0,0,1,0,0,0,6,1,1
30.0,0,1,0,0,0,0,0,0,0,0,0,0,0,0,0,0,0,0,0,0,0,0,0,1,1.0,32.3,1,4,0,0,0,1,0,0,0,0,0,0,0,0,1,0,1,1,10,1,1
30.0,0,1,0,0,0,0,0,0,0,0,0,0,0,0,0,0,0,0,0,0,0,0,0,1,1.0,29.3,1,4,0,0,0,1,0,0,0,0,0,0,0,0,0,1,1,1,10,1,1
50.0,0,1,0,0,0,0,1,1,0,1,0,1,1,0,0,0,1,0,0,1,1,0,0,0,0.5,26.0,1,4,1,0,0,1,0,0,0,0,0,0,0,0,1,1,1,0,4,0,1
50.0,1,1,0,0,0,0,0,1,0,0,0,0,0,0,0,0,0,0,0,0,0,0,0,1,0.58,32.5,1,3,0,0,0,1,0,0,0,0,0,0,0,0,1,1,1,0,5,1,1
50.0,1,0,1,0,0,0,0,1,0,0,0,0,0,0,0,0,0,0,0,0,0,0,0,1,0.58,36.5,1,3,0,0,0,1,0,0,0,0,0,0,0,0,1,1,1,0,5,1,1
50.0,1,1,0,0,1,0,0,1,0,0,0,0,0,0,0,0,0,0,0,0,0,0,0,1,0.58,37.5,1,3,0,0,0,1,0,0,0,0,0,0,0,0,1,1,1,0,5,1,1
50.0,1,0,1,0,1,0,0,1,0,0,0,0,0,0,0,0,0,0,0,0,0,0,0,1,0.58,41.5,1,3,0,0,0,1,0,0,0,0,0,0,0,0,1,1,1,0,5,1,1
40.0,1,1,0,0,0,0,0,1,0,0,0,0,0,0,0,0,0,0,0,0,0,0,0,0,0.5,29.6,1,3,0,0,0,1,0,0,0,0,0,0,0,0,1,1,1,1,9,1,1
50.0,0,1,0,0,1,0,0,1,0,0,0,0,0,0,0,0,0,0,0,0,0,0,0,0,1.0,34.0,1,4,1,0,0,1,0,0,0,0,0,0,0,0,1,1,1,1,4,0,1
50.0,0,1,0,0,0,0,0,1,0,0,0,0,0,0,0,0,0,0,0,0,0,0,0,0,1.0,28.0,1,4,1,0,0,1,0,0,0,0,0,0,0,0,1,1,1,1,4,0,1
15.0,1,1,0,0,0,0,1,1,0,0,1,0,1,0,0,1,0,0,0,1,0,0,0,0,0.58,21.5,1,2,0,0,0,1,0,0,0,0,0,0,0,0,1,1,1,1,1,0,1
30.0,0,1,0,0,0,0,0,1,0,0,0,0,0,0,0,0,0,0,0,0,0,0,0,0,1.0,11.9,1,2,0,0,0,1,0,0,0,0,0,0,0,0,1,1,1,1,10,1,1
9.0,0,1,0,0,0,0,1,1,0,0,0,0,0,0,0,0,0,0,0,0,0,0,0,0,0.58,40.0,1,3,0,0,0,1,0,0,0,0,0,0,0,0,1,1,1,0,9,1,0
40.0,0,1,0,0,0,0,1,1,0,0,1,1,1,0,0,0,0,0,0,0,1,0,0,0,0.51,31.2,1,2,0,0,0,1,0,0,0,0,0,0,0,0,1,1,1,1,5,1,1
38.0,0,1,0,0,0,0,0,1,0,0,0,0,0,0,0,0,0,0,0,0,0,0,0,0,0.48,29.8,1,2,1,0,0,1,0,0,0,0,0,0,0,0,1,0,1,0,7,1,1
38.0,0,1,0,0,0,0,0,1,0,0,0,0,0,0,0,0,0,0,0,0,0,0,0,0,0.48,24.0,1,2,1,0,0,1,0,0,0,0,0,0,0,0,0,1,1,0,7,1,1
40.0,1,1,0,0,0,0,1,1,0,0,0,0,0,0,0,0,0,0,0,0,0,0,0,1,0.42,28.2,1,3,1,0,0,1,0,0,0,0,0,0,0,0,1,1,1,1,7,1,1
12.0,0,1,0,0,0,0,0,1,0,0,0,0,0,0,0,0,0,0,0,0,0,0,0,0,0.58,38.2,0,2,1,0,0,1,0,0,0,0,0,0,0,0,0,1,1,0,3,1,1
12.0,0,1,0,0,0,0,0,1,0,0,0,0,0,0,0,0,0,0,0,0,0,0,0,0,0.58,44.2,0,2,1,0,0,1,0,0,0,0,0,0,0,0,1,0,1,0,3,1,1
80.0,0,1,0,0,0,0,0,1,0,0,0,0,0,0,0,0,0,0,0,0,0,0,0,1,0.5,28.2,1,3,1,0,0,1,0,0,0,0,0,0,0,0,0,1,1,0,5,1,1
80.0,0,1,0,0,0,0,0,1,0,0,0,0,0,0,0,0,0,0,0,0,0,0,0,1,0.5,36.2,1,3,1,0,0,1,0,0,0,0,0,0,0,0,1,0,1,0,5,1,1
50.0,0,1,0,0,0,0,0,1,0,0,0,0,0,0,0,0,0,0,0,0,0,0,0,0,0.58,32.2,1,0,1,0,0,1,0,0,0,0,0,0,0,0,1,1,1,0,1,1,0
48.0,0,1,0,0,0,1,1,1,0,1,1,1,1,0,0,0,1,0,1,0,1,1,0,0,1.0,18.2,1,4,0,0,0,1,0,0,0,0,0,0,0,0,0,1,1,1,3,0,1
48.0,0,1,0,0,0,1,1,1,0,1,1,1,1,0,0,0,1,0,1,0,1,1,0,0,1.0,22.2,1,4,0,0,0,1,0,0,0,0,0,0,0,0,1,0,1,1,3,0,1
48.0,0,0,1,0,0,1,1,1,0,1,1,1,1,0,0,0,1,0,1,0,1,1,0,0,1.0,23.7,1,4,0,0,0,1,0,0,0,0,0,0,0,0,0,1,1,1,3,0,1
48.0,0,0,1,0,0,1,1,1,0,1,1,1,1,0,0,0,1,0,1,0,1,1,0,0,1.0,29.7,1,4,0,0,0,1,0,0,0,0,0,0,0,0,1,0,1,1,3,0,1
20.0,1,1,0,0,0,0,0,0,0,0,0,0,0,0,0,0,0,0,0,0,0,0,0,0,0.33,25.0,0,0,1,0,0,1,0,0,0,0,0,0,0,0,1,1,0,0,1,0,0
20.0,1,0,1,0,0,0,0,0,0,0,0,0,0,0,0,0,0,0,0,0,0,0,0,0,0.33,28.0,0,0,1,0,0,1,0,0,0,0,0,0,0,0,1,1,0,0,1,0,0
30.0,0,0,1,0,0,0,0,1,0,0,0,0,0,0,0,0,0,0,0,0,0,0,0,1,0.5,29.0,0,2,1,0,0,1,0,0,0,0,0,0,0,0,1,1,0,0,1,1,1
40.0,1,1,0,0,0,0,0,0,0,0,0,0,0,0,0,0,0,0,0,0,0,0,0,0,1.0,27.0,0,0,0,0,0,1,0,0,0,0,0,0,0,0,1,1,0,0,4,0,0
60.0,0,0,1,0,0,1,1,1,0,1,1,1,1,0,0,1,1,1,0,1,1,0,0,0,1.0,27.3,0,4,0,0,0,1,0,0,0,0,0,0,0,0,1,1,1,1,5,1,0
60.0,0,1,0,0,0,1,1,1,0,1,1,1,1,0,0,1,1,1,0,1,1,0,0,0,1.0,23.8,0,4,0,0,0,1,0,0,0,0,0,0,0,0,1,1,1,1,5,1,0
60.0,1,1,0,0,0,0,1,1,0,0,0,0,0,0,0,0,0,0,0,0,0,0,0,1,1.0,34.0,0,4,0,0,0,1,0,0,0,0,0,0,0,0,1,0,0,0,4,1,1
60.0,1,1,0,0,0,0,1,1,0,0,0,0,0,0,0,0,0,0,0,0,0,0,0,1,1.0,29.0,0,4,0,0,0,1,0,0,0,0,0,0,0,0,0,1,0,0,4,1,1
100.0,1,1,0,0,0,0,0,0,0,0,0,0,0,0,0,0,0,0,0,0,0,0,0,0,0.5,23.0,1,1,1,0,0,1,0,0,0,0,0,0,0,0,1,1,1,1,2,1,1
100.0,1,0,1,0,0,0,0,0,0,0,0,0,0,0,0,0,0,0,0,0,0,0,0,0,0.5,26.0,1,1,1,0,0,1,0,0,0,0,0,0,0,0,1,1,1,1,2,1,1
31.0,1,0,1,0,0,0,1,1,0,0,0,0,0,0,0,0,0,0,0,0,0,0,0,0,1.0,25.95,0,2,1,0,0,1,0,0,0,0,0,0,0,0,1,1,0,0,4,0,0
35.0,0,1,0,0,0,0,0,1,0,0,0,0,0,0,0,0,0,0,0,0,0,0,0,0,0.55,21.4,1,3,1,0,0,1,0,0,0,0,0,0,0,0,1,0,0,1,3,1,1
35.0,0,0,1,0,0,0,0,1,0,0,0,0,0,0,0,0,0,0,0,0,0,0,0,0,0.55,23.8,1,3,1,0,0,1,0,0,0,0,0,0,0,0,1,0,0,1,3,1,1
35.0,0,1,0,0,0,0,0,1,0,0,0,0,0,0,0,0,0,0,0,0,0,0,0,0,0.55,20.4,1,3,1,0,0,1,0,0,0,0,0,0,0,0,0,1,0,1,3,1,1
35.0,0,0,1,0,0,0,0,1,0,0,0,0,0,0,0,0,0,0,0,0,0,0,0,0,0.55,22.8,1,3,1,0,0,1,0,0,0,0,0,0,0,0,0,1,0,1,3,1,1
25.0,1,0,0,1,0,0,1,1,0,0,0,0,0,0,0,0,0,0,0,0,0,0,0,0,0.58,25.0,1,4,1,0,0,1,0,0,0,0,0,0,0,0,0,1,1,1,1,0,0
25.0,1,0,0,1,0,0,1,1,0,0,0,0,0,0,0,0,0,0,0,0,0,0,0,0,0.58,42.0,1,4,1,0,0,1,0,0,0,0,0,0,0,0,1,0,1,1,1,0,0
60.0,0,1,0,0,0,0,0,1,0,0,0,0,0,0,0,0,0,0,0,0,0,0,0,0,0.38,12.2,0,2,0,0,0,1,0,0,0,0,0,0,0,0,1,1,0,1,1,1,1
127.0,1,1,0,0,0,0,0,0,0,0,0,0,0,0,0,0,0,0,0,0,0,0,0,0,0.64,27.0,0,3,1,0,0,1,0,0,0,0,0,0,0,0,1,1,1,1,0,1,1
90.0,0,1,0,0,0,0,0,1,0,0,0,0,0,0,0,0,0,0,0,0,0,0,0,0,0.59,30.5,1,2,0,0,0,0,0,0,0,0,1,0,0,0,1,1,1,1,11,1,0
43.0,0,0,1,0,0,0,0,0,0,0,0,0,0,0,0,0,0,0,0,0,0,0,0,0,0.5,36.5,0,3,0,0,0,0,0,0,0,0,1,0,0,0,1,0,0,0,11,0,0
43.0,0,0,1,0,0,0,0,0,0,0,0,0,0,0,0,0,0,0,0,0,0,0,0,0,0.5,30.5,0,3,0,0,0,0,0,0,0,0,1,0,0,0,0,1,0,0,11,0,0
127.0,1,1,0,0,0,0,0,0,0,1,1,0,0,0,0,0,0,0,0,0,0,0,1,1,0.55,35.5,1,3,2,0,0,0,0,0,0,0,1,0,0,0,0,1,1,1,1,1,0
127.0,1,1,0,0,0,0,0,0,0,1,1,0,0,0,0,0,0,0,0,0,0,0,1,1,0.55,45.5,1,3,2,0,0,0,0,0,0,0,1,0,0,0,1,0,1,1,1,1,0
127.0,1,0,1,0,0,0,0,0,0,1,1,0,0,0,0,0,0,0,0,0,0,0,1,1,0.55,45.5,1,3,2,0,0,0,0,0,0,0,1,0,0,0,0,1,1,1,1,1,0
127.0,1,0,1,0,0,0,0,0,0,1,1,0,0,0,0,0,0,0,0,0,0,0,1,1,0.55,55.5,1,3,2,0,0,0,0,0,0,0,1,0,0,0,1,0,1,1,1,1,0
15.0,0,0,1,0,0,0,0,0,0,0,0,0,0,0,0,0,0,0,0,0,0,0,0,0,0.54,23.5,0,2,0,0,0,0,0,0,0,0,1,0,0,0,0,1,1,1,1,1,0
15.0,0,0,1,0,0,0,0,0,0,0,0,0,0,0,0,0,0,0,0,0,0,0,0,0,0.54,29.0,0,2,0,0,0,0,0,0,0,0,1,0,0,0,1,0,1,1,1,1,0
117.0,0,0,1,0,0,0,0,1,0,0,0,0,0,0,0,0,0,0,0,0,0,0,0,0,0.5,32.0,1,3,0,0,0,0,0,0,0,0,1,0,0,0,0,1,0,1,1,1,0
117.0,0,0,1,0,0,0,0,1,0,0,0,0,0,0,0,0,0,0,0,0,0,0,0,0,0.5,38.5,1,3,0,0,0,0,0,0,0,0,1,0,0,0,1,0,0,1,1,1,0
117.0,0,0,1,0,1,0,0,1,0,0,0,0,0,0,0,0,0,0,0,0,0,0,0,0,0.5,39.0,1,3,0,0,0,0,0,0,0,0,1,0,0,0,0,1,0,1,1,1,0
117.0,0,0,1,0,1,0,0,1,0,0,0,0,0,0,0,0,0,0,0,0,0,0,0,0,0.5,45.5,1,3,0,0,0,0,0,0,0,0,1,0,0,0,1,0,0,1,1,1,0
127.0,1,1,0,0,0,0,0,1,0,0,0,0,0,0,0,0,0,0,0,0,0,0,0,1,0.56,46.5,1,5,2,0,0,0,0,0,0,0,1,0,0,0,0,1,0,1,7,0,1
127.0,1,1,0,0,0,0,0,1,0,0,0,0,0,0,0,0,0,0,0,0,0,0,0,1,0.56,59.5,1,5,2,0,0,0,0,0,0,0,1,0,0,0,1,0,0,1,7,0,1
127.0,1,0,1,0,0,0,0,1,0,0,0,0,0,0,0,0,0,0,0,0,0,0,0,1,0.56,65.5,1,5,2,0,0,0,0,0,0,0,1,0,0,0,0,1,0,1,7,0,1
127.0,1,0,1,0,0,0,0,1,0,0,0,0,0,0,0,0,0,0,0,0,0,0,0,1,0.56,80.5,1,5,2,0,0,0,0,0,0,0,1,0,0,0,1,0,0,1,7,0,1
127.0,0,1,0,0,0,0,1,1,0,0,0,0,1,0,0,0,0,0,0,0,0,0,0,0,1.0,37.1,0,4,2,0,0,0,0,0,0,0,1,0,0,0,1,1,0,0,6,0,1
127.0,0,0,1,0,0,0,1,1,0,0,0,0,1,0,0,0,0,0,0,0,0,0,0,0,1.0,42.1,0,4,2,0,0,0,0,0,0,0,1,0,0,0,1,1,0,0,6,0,1
10.0,0,1,0,0,0,0,1,0,0,0,0,0,0,0,0,0,0,0,0,0,0,0,0,0,0.5,37.2,0,3,0,0,0,0,0,0,0,0,1,0,0,0,0,1,0,0,2,1,1
10.0,0,1,0,0,0,0,1,0,0,0,0,0,0,0,0,0,0,0,0,0,0,0,0,0,0.5,43.5,0,3,0,0,0,0,0,0,0,0,1,0,0,0,0,1,0,0,2,1,1
21.0,0,1,0,0,0,0,1,1,1,0,1,0,0,0,0,0,0,0,0,1,1,0,0,1,0.99,29.0,1,3,2,0,0,0,0,0,0,0,1,0,0,0,1,0,1,0,0,0,1
21.0,0,1,0,0,0,0,1,1,1,0,1,0,0,0,0,0,0,0,0,1,1,0,0,1,0.99,25.0,1,3,2,0,0,0,0,0,0,0,1,0,0,0,0,1,1,0,0,0,1
60.0,0,0,1,0,0,0,1,1,0,0,0,0,0,0,0,0,0,0,0,0,0,0,0,0,0.56,40.5,0,2,0,0,0,0,0,0,0,0,1,0,0,0,1,1,0,1,0,1,1
18.0,0,1,0,0,0,0,1,1,0,1,1,0,0,0,0,0,0,0,0,1,0,0,0,0,1.0,30.0,0,3,1,0,0,0,0,0,0,0,1,0,0,0,1,0,1,1,1,1,1
18.0,0,1,0,0,0,0,1,1,0,1,1,0,0,0,0,0,0,0,0,1,0,0,0,0,1.0,26.5,0,3,1,0,0,0,0,0,0,0,1,0,0,0,0,1,1,1,1,1,1
25.0,0,1,0,0,0,0,0,0,0,0,0,0,0,0,0,0,0,0,0,0,0,0,0,0,0.5,33.0,1,2,0,0,0,0,0,0,0,0,1,0,0,0,1,1,1,1,4,1,1
70.0,0,1,0,0,0,0,0,1,0,0,0,1,0,0,0,0,0,0,0,0,1,0,0,0,0.5,28.5,1,3,1,0,0,0,0,0,0,0,1,0,0,0,0,1,1,1,4,1,0
70.0,0,1,0,0,0,0,0,1,0,0,0,1,0,0,0,0,0,0,0,0,1,0,0,0,0.5,31.5,1,3,1,0,0,0,0,0,0,0,1,0,0,0,1,0,1,1,4,1,0
12.0,0,0,1,0,0,1,1,1,1,1,0,0,0,0,0,0,0,0,0,0,1,0,0,0,0.67,26.0,1,2,1,0,0,0,0,0,0,0,1,0,0,0,1,1,1,0,6,1,0
90.0,0,1,0,0,0,0,1,1,0,0,0,0,0,0,0,0,0,0,0,0,0,0,0,0,0.5,30.0,1,3,0,0,0,0,0,0,0,0,1,0,0,0,0,1,1,0,7,1,1
90.0,0,1,0,0,0,0,1,1,0,0,0,0,0,0,0,0,0,0,0,0,0,0,0,0,0.5,32.0,1,3,0,0,0,0,0,0,0,0,1,0,0,0,1,0,1,0,7,1,1
100.0,0,1,0,0,0,0,1,1,0,0,1,1,1,0,0,0,0,1,0,0,1,0,0,1,0.5,37.5,1,3,0,0,0,0,0,0,0,0,1,0,0,0,1,0,1,1,6,1,1
100.0,0,1,0,0,0,0,1,1,0,0,1,1,1,0,0,0,0,1,0,0,1,0,0,1,0.5,31.5,1,3,0,0,0,0,0,0,0,0,1,0,0,0,0,1,1,1,6,1,1
127.0,0,1,0,0,0,0,0,0,0,0,0,0,0,0,0,0,0,0,0,0,0,0,0,0,0.5,24.5,1,3,0,0,0,0,0,0,0,0,1,0,0,0,0,1,1,0,6,1,1
127.0,0,1,0,0,0,0,0,0,0,0,0,0,0,0,0,0,0,0,0,0,0,0,0,0,0.5,26.5,1,3,0,0,0,0,0,0,0,0,1,0,0,0,1,0,1,0,6,1,1
127.0,0,0,1,0,0,0,0,0,0,0,0,0,0,0,0,0,0,0,0,0,0,0,0,0,0.5,38.5,1,3,0,0,0,0,0,0,0,0,1,0,0,0,0,1,1,0,6,1,1
127.0,0,0,1,0,0,0,0,0,0,0,0,0,0,0,0,0,0,0,0,0,0,0,0,0,0.5,45.5,1,3,0,0,0,0,0,0,0,0,1,0,0,0,1,0,1,0,6,1,1
20.0,0,1,0,0,0,0,1,1,0,0,0,0,0,0,0,0,0,0,0,0,0,0,0,0,0.5,34.5,0,3,0,0,0,0,0,0,0,0,1,0,0,0,0,1,0,0,7,1,1
20.0,0,1,0,0,0,0,1,1,0,0,0,0,0,0,0,0,0,0,0,0,0,0,0,0,0.5,44.5,0,3,0,0,0,0,0,0,0,0,1,0,0,0,1,0,0,0,7,1,1
20.0,0,1,0,0,0,0,0,0,0,0,0,0,0,0,0,0,0,0,0,0,0,0,0,0,1.0,21.0,1,3,1,0,0,0,0,0,0,0,1,0,0,0,1,1,1,1,7,1,1
80.0,1,1,0,0,0,0,0,1,0,0,0,0,0,0,0,0,0,0,0,0,0,0,0,1,0.56,31.5,0,3,2,0,0,0,0,0,0,0,1,0,0,0,0,1,1,0,3,0,1
80.0,1,1,0,0,0,0,0,1,0,0,0,0,0,0,0,0,0,0,0,0,0,0,0,1,0.56,42.5,0,3,2,0,0,0,0,0,0,0,1,0,0,0,1,0,1,0,3,0,1
80.0,1,0,1,0,0,0,0,1,0,0,0,0,0,0,0,0,0,0,0,0,0,0,0,1,0.56,41.5,0,3,2,0,0,0,0,0,0,0,1,0,0,0,0,1,1,0,3,0,1
80.0,1,0,1,0,0,0,0,1,0,0,0,0,0,0,0,0,0,0,0,0,0,0,0,1,0.56,52.5,0,3,2,0,0,0,0,0,0,0,1,0,0,0,1,0,1,0,3,0,1
30.0,0,1,0,0,0,0,0,0,0,0,0,0,0,0,0,0,0,0,0,0,0,0,0,0,0.5,30.0,1,4,0,0,0,0,0,0,0,0,1,0,0,0,1,1,1,1,3,1,1
30.0,0,1,0,0,0,0,0,0,0,0,0,0,0,0,0,0,0,0,0,0,0,0,0,0,0.5,34.0,1,4,0,0,0,0,0,0,0,0,1,0,0,0,1,1,1,1,3,1,1
30.0,1,1,0,0,0,0,1,1,0,0,0,0,0,0,0,0,0,0,0,0,0,0,0,0,0.42,26.5,1,1,1,0,0,0,0,0,0,0,1,0,0,0,1,1,1,1,3,1,1
115.0,1,1,0,0,0,0,1,1,0,0,0,0,0,0,0,0,0,0,0,0,0,0,0,1,0.56,36.5,1,4,2,0,0,0,0,0,0,0,1,0,0,0,0,1,1,1,8,0,1
115.0,1,1,0,0,0,0,1,1,0,0,0,0,0,0,0,0,0,0,0,0,0,0,0,1,0.56,48.5,1,4,2,0,0,0,0,0,0,0,1,0,0,0,1,0,1,1,8,0,1
115.0,1,0,1,0,0,0,1,1,0,0,0,0,0,0,0,0,0,0,0,0,0,0,0,1,0.56,65.5,1,4,2,0,0,0,0,0,0,0,1,0,0,0,0,1,1,1,8,0,1
115.0,1,0,1,0,0,0,1,1,0,0,0,0,0,0,0,0,0,0,0,0,0,0,0,1,0.56,83.5,1,4,2,0,0,0,0,0,0,0,1,0,0,0,1,0,1,1,8,0,1
150.0,1,1,0,0,0,1,1,1,0,0,1,0,0,0,0,1,1,0,0,1,1,0,0,0,0.63,27.5,1,4,0,0,0,0,0,0,0,0,1,0,0,0,0,1,0,1,11,1,0
150.0,1,1,0,0,0,1,1,1,0,0,1,0,0,0,0,1,1,0,0,1,1,0,0,0,0.63,29.5,1,4,0,0,0,0,0,0,0,0,1,0,0,0,1,0,0,1,11,1,0
60.0,0,1,0,0,0,0,1,1,0,0,0,1,0,0,0,0,1,0,0,1,1,0,0,0,1.0,27.0,1,3,1,0,0,0,0,0,0,0,1,0,0,0,1,0,1,1,2,1,1
60.0,0,1,0,0,0,0,1,1,0,0,0,1,0,0,0,0,1,0,0,1,1,0,0,0,1.0,25.0,1,3,1,0,0,0,0,0,0,0,1,0,0,0,0,1,1,1,2,1,1
54.0,0,1,0,0,0,1,1,1,1,1,1,1,1,0,0,0,0,0,0,1,1,0,0,0,1.0,32.0,1,3,2,0,0,0,0,0,0,0,1,0,0,0,1,0,1,1,11,1,1
54.0,0,1,0,0,0,1,1,1,1,1,1,1,1,0,0,0,0,0,0,1,1,0,0,0,1.0,28.0,1,3,2,0,0,0,0,0,0,0,1,0,0,0,0,1,1,1,11,1,1
20.0,0,1,0,0,0,0,0,1,0,0,0,0,0,0,0,0,0,0,0,0,0,0,0,0,1.0,18.5,1,3,0,0,0,0,0,0,0,0,1,0,0,0,1,1,1,1,8,1,1
70.0,1,1,0,0,0,0,0,1,0,0,0,0,0,0,0,0,0,0,0,0,0,0,0,1,1.0,22.5,1,4,0,0,0,0,0,0,0,0,1,0,0,0,0,1,1,1,10,0,1
70.0,1,1,0,0,0,0,0,1,0,0,0,0,0,0,0,0,0,0,0,0,0,0,0,1,1.0,19.5,1,4,0,0,0,0,0,0,0,0,1,0,0,0,1,0,1,1,10,0,1
31.0,1,0,1,0,0,1,1,1,0,0,0,1,0,0,1,1,1,1,0,1,0,0,0,0,0.52,32.0,1,3,1,0,0,0,0,0,0,0,1,0,0,0,0,1,1,1,7,1,1
31.0,1,0,1,0,0,1,1,1,0,0,0,1,0,0,1,1,1,1,0,1,0,0,0,0,0.52,37.0,1,3,1,0,0,0,0,0,0,0,1,0,0,0,1,0,1,1,7,1,1
40.0,0,1,0,0,0,0,0,0,0,0,0,0,0,0,0,0,0,0,0,0,0,0,0,0,0.37,9.5,1,0,0,0,0,0,0,0,0,0,1,0,0,0,1,1,1,1,3,1,1
40.0,0,0,1,0,0,0,0,0,0,0,0,0,0,0,0,0,0,0,0,0,0,0,0,0,0.37,11.5,1,0,0,0,0,0,0,0,0,0,1,0,0,0,1,1,1,1,3,1,1
50.0,1,0,1,0,0,0,0,1,0,0,0,0,0,0,0,0,0,0,0,0,0,0,0,0,1.0,36.8,1,3,0,0,0,0,0,0,0,0,1,0,0,0,1,1,1,1,2,1,0
32.0,0,1,0,0,0,0,1,1,0,1,1,0,0,0,0,0,0,0,0,1,1,0,0,1,1.0,32.3,1,3,2,0,0,0,0,0,0,0,1,0,0,0,1,0,1,0,6,1,1
32.0,0,1,0,0,0,0,1,1,0,1,1,0,0,0,0,0,0,0,0,1,1,0,0,1,1.0,28.8,1,3,2,0,0,0,0,0,0,0,1,0,0,0,0,1,1,0,6,1,1
43.0,1,1,0,0,0,0,0,1,0,0,0,1,1,0,1,0,1,0,0,1,1,0,0,0,0.58,32.5,0,2,0,0,0,0,0,0,0,0,0,1,0,0,1,0,0,0,6,0,1
43.0,1,1,0,0,0,0,0,1,0,0,0,1,1,0,1,0,1,0,0,1,1,0,0,0,0.58,26.4,0,2,0,0,0,0,0,0,0,0,0,1,0,0,0,1,0,0,6,0,1
60.0,0,1,0,0,0,0,0,1,0,0,0,0,0,0,0,0,0,0,0,0,0,0,0,0,0.33,13.5,0,1,1,0,0,0,0,0,0,0,0,1,0,0,1,1,0,1,6,1,1
30.0,0,1,0,0,0,0,1,1,0,0,0,1,1,0,0,0,0,0,0,0,0,0,0,1,0.42,17.0,1,2,0,0,0,0,0,0,0,0,0,1,0,0,1,1,1,0,5,1,1
50.0,0,1,0,0,0,0,0,1,0,0,0,0,0,0,0,0,0,0,0,0,0,0,0,0,1.0,34.1,0,2,0,0,0,0,0,0,0,0,0,1,0,0,1,1,0,1,3,1,1
48.0,0,1,0,0,0,0,0,1,0,0,0,0,0,0,0,0,0,0,0,0,0,0,0,0,1.0,17.5,0,1,0,0,0,0,0,0,0,0,0,1,0,0,1,0,0,0,5,1,1
48.0,0,1,0,0,0,0,0,1,0,0,0,0,0,0,0,0,0,0,0,0,0,0,0,0,1.0,16.5,0,1,0,0,0,0,0,0,0,0,0,1,0,0,0,1,0,0,5,1,1
50.0,0,0,1,0,0,0,0,1,0,0,0,0,0,0,0,0,0,0,0,0,0,0,0,0,0.42,29.0,0,2,0,0,0,0,0,0,0,0,0,1,0,0,1,1,0,0,0,0,1
25.0,0,1,0,0,0,0,1,1,0,0,0,0,0,0,0,0,0,0,0,0,0,0,0,0,0.46,15.0,0,1,0,0,0,0,0,0,0,0,0,1,0,0,1,1,1,1,1,0,1
127.0,1,1,0,0,0,0,0,1,0,0,0,0,0,0,0,0,0,0,0,0,0,0,0,0,0.56,30.0,0,3,2,0,0,0,0,0,0,0,0,1,0,0,0,1,0,0,7,1,1
127.0,1,1,0,0,0,0,0,1,0,0,0,0,0,0,0,0,0,0,0,0,0,0,0,0,0.56,37.0,0,3,2,0,0,0,0,0,0,0,0,1,0,0,1,0,0,0,7,1,1
30.0,0,1,0,0,0,0,0,1,0,0,0,0,0,0,0,0,0,0,0,0,0,0,0,0,0.58,20.8,0,3,1,0,0,0,0,0,0,0,0,1,0,0,1,1,0,0,4,1,1
127.0,1,1,0,0,0,0,0,1,0,0,0,0,0,0,0,0,0,0,0,0,0,0,0,0,0.87,35.4,0,4,2,0,0,0,0,0,0,0,0,1,0,0,0,1,1,1,5,0,1
127.0,1,1,0,0,0,0,0,1,0,0,0,0,0,0,0,0,0,0,0,0,0,0,0,0,0.87,47.4,0,4,2,0,0,0,0,0,0,0,0,1,0,0,1,0,1,1,5,0,1
127.0,1,0,0,1,0,0,0,1,0,0,0,0,0,0,0,0,0,0,0,0,0,0,0,0,0.87,45.4,0,4,2,0,0,0,0,0,0,0,0,1,0,0,0,1,1,1,5,0,1
127.0,1,0,0,1,0,0,0,1,0,0,0,0,0,0,0,0,0,0,0,0,0,0,0,0,0.87,57.4,0,4,2,0,0,0,0,0,0,0,0,1,0,0,1,0,1,1,5,0,1
60.0,0,1,0,0,0,0,0,1,0,0,0,1,1,0,0,0,0,0,0,0,1,0,0,0,0.58,28.5,0,3,0,0,0,0,0,0,0,0,0,1,0,0,0,1,0,1,10,1,1
60.0,0,1,0,0,0,0,0,1,0,0,0,1,1,0,0,0,0,0,0,0,1,0,0,0,0.58,30.5,0,3,0,0,0,0,0,0,0,0,0,1,0,0,1,0,0,1,10,1,1
60.0,1,0,0,1,0,0,0,1,0,0,0,0,0,0,0,0,0,0,0,0,0,0,0,0,0.5,56.0,0,3,0,0,0,0,0,0,0,0,0,1,0,0,1,0,0,0,8,1,1
65.0,0,0,1,0,0,0,0,1,0,0,0,0,0,0,1,0,0,0,0,0,0,0,0,1,0.42,31.0,1,3,0,0,0,0,0,0,0,0,0,1,0,0,1,1,1,0,1,0,1
80.0,1,0,1,0,0,0,0,1,0,0,0,0,0,0,0,0,0,0,0,0,0,0,0,0,0.48,39.0,0,2,0,0,0,0,0,0,0,0,0,1,0,0,1,1,0,1,7,1,1
38.0,0,0,1,0,0,0,0,0,0,0,0,0,0,0,0,0,0,0,0,0,0,0,0,0,1.0,31.0,0,2,0,0,0,0,0,0,0,0,0,1,0,0,1,1,0,0,1,0,1
127.0,1,0,1,0,0,0,1,1,0,0,0,1,1,0,0,0,1,0,0,0,1,0,0,0,0.49,31.5,0,4,0,0,0,0,0,0,0,0,0,1,0,0,1,1,0,0,4,1,1
80.0,1,1,0,0,0,1,1,1,1,0,0,1,0,0,0,0,0,1,1,0,1,0,0,0,0.5,27.0,1,3,0,0,0,0,0,0,0,0,0,1,0,0,1,1,1,1,6,1,1
100.0,1,1,0,0,0,0,0,1,0,0,0,0,0,0,0,0,0,0,0,0,0,0,0,0,0.42,30.0,0,2,0,0,0,0,0,0,0,0,0,1,0,0,1,1,0,0,11,1,1
100.0,1,0,1,0,0,0,0,1,0,0,0,0,0,0,0,0,0,0,0,0,0,0,0,0,0.42,40.0,0,2,0,0,0,0,0,0,0,0,0,1,0,0,1,1,0,0,11,1,1
100.0,0,0,1,0,0,0,1,1,1,1,0,0,1,0,0,0,0,0,0,1,0,0,0,0,1.0,33.5,1,3,0,0,0,0,0,0,0,0,0,1,0,0,1,1,1,1,9,0,1
40.0,0,0,1,0,0,0,0,1,0,0,0,0,0,0,0,0,0,0,0,0,0,0,0,0,1.0,30.0,0,2,0,0,0,0,0,0,0,0,0,1,0,0,1,1,0,0,9,0,1
40.0,1,0,1,0,0,0,0,1,0,0,0,0,0,0,0,0,0,0,0,0,0,0,0,0,1.0,32.0,0,2,0,0,0,0,0,0,0,0,0,1,0,0,1,1,0,0,9,0,1
200.0,0,1,0,0,0,1,0,1,0,1,1,1,1,1,1,1,1,1,0,1,1,1,0,0,0.5,60.0,0,4,0,0,0,0,0,0,0,0,0,1,0,0,0,1,1,1,8,0,1
200.0,0,1,0,0,0,1,0,1,0,1,1,1,1,1,1,1,1,1,0,1,1,1,0,0,0.5,80.0,0,4,0,0,0,0,0,0,0,0,0,1,0,0,1,0,1,1,8,0,1
200.0,0,0,1,0,0,1,0,1,0,1,1,1,1,1,1,1,1,1,0,1,1,1,0,0,0.5,70.0,0,4,0,0,0,0,0,0,0,0,0,1,0,0,0,1,1,1,8,0,1
200.0,0,0,1,0,0,1,0,1,0,1,1,1,1,1,1,1,1,1,0,1,1,1,0,0,0.5,90.0,0,4,0,0,0,0,0,0,0,0,0,1,0,0,1,0,1,1,8,0,1
127.0,0,1,0,0,0,0,1,1,0,0,0,0,0,0,0,0,0,0,0,0,0,0,0,0,0.48,25.0,0,4,0,0,0,0,0,0,0,0,0,1,0,0,1,1,0,1,11,0,1
100.0,0,1,0,0,0,0,0,1,0,0,0,1,0,0,0,0,0,0,0,0,1,0,0,0,0.59,35.0,0,3,0,0,0,0,0,0,0,0,0,1,0,0,1,0,0,1,1,1,1
100.0,0,1,0,0,0,0,0,1,0,0,0,1,0,0,0,0,0,0,0,0,1,0,0,0,0.59,30.0,0,3,0,0,0,0,0,0,0,0,0,1,0,0,0,1,0,1,1,1,1
127.0,1,1,0,0,0,0,1,0,0,0,0,1,0,0,0,0,0,0,0,0,0,0,0,0,0.48,29.0,1,0,0,0,0,0,0,0,0,0,0,1,0,0,1,1,1,1,1,1,0
50.0,0,0,1,0,0,0,0,1,0,0,0,0,0,0,0,0,0,0,0,0,0,0,0,0,0.33,29.5,0,2,0,0,0,0,0,0,0,0,0,1,0,0,1,1,0,1,3,0,1
127.0,1,1,0,0,0,1,0,1,0,0,1,1,1,0,1,0,0,0,0,0,1,0,0,0,1.0,36.8,0,4,1,0,0,0,0,0,0,0,0,1,0,0,1,1,1,1,6,1,1
110.0,1,0,1,0,0,0,0,0,0,0,0,0,0,0,0,0,0,0,0,0,0,0,0,0,0.46,21.75,0,1,0,0,0,0,0,0,0,0,0,1,0,0,1,1,0,1,2,0,1
80.0,1,1,0,0,0,0,0,0,0,0,0,0,0,0,0,0,0,0,0,0,0,0,0,0,1.0,18.0,0,2,1,0,0,0,0,0,0,1,0,0,0,0,1,1,0,1,1,1,1
62.0,0,1,0,0,0,0,0,1,0,0,0,0,0,0,0,0,0,0,0,0,0,0,0,0,1.0,30.0,0,3,0,0,0,0,0,0,0,1,0,0,0,0,1,1,0,1,1,0,0
62.0,0,0,1,0,0,0,0,1,0,0,0,0,0,0,0,0,0,0,0,0,0,0,0,0,1.0,36.0,0,3,0,0,0,0,0,0,0,1,0,0,0,0,1,1,0,1,1,0,0
15.0,1,1,0,0,0,1,1,0,0,0,1,1,1,0,0,0,0,0,0,0,1,0,0,0,0.42,38.0,0,0,0,0,0,0,0,0,0,1,0,0,0,0,1,1,0,1,1,0,1
90.0,0,1,0,0,0,0,1,1,0,0,0,0,0,0,0,0,0,0,0,0,0,0,0,0,1.0,30.5,0,2,1,0,0,0,0,0,0,1,0,0,0,0,1,1,0,1,1,0,1
127.0,0,1,0,0,0,0,1,1,0,0,0,0,0,0,0,0,0,0,0,0,0,0,0,0,0.57,39.7,1,4,0,0,0,0,0,0,0,1,0,0,0,0,0,1,1,1,6,1,1
127.0,0,1,0,0,0,0,1,1,0,0,0,0,0,0,0,0,0,0,0,0,0,0,0,0,0.57,40.7,1,4,0,0,0,0,0,0,0,1,0,0,0,0,1,0,1,1,6,1,1
127.0,0,0,1,0,0,0,1,1,0,0,0,0,0,0,0,0,0,0,0,0,0,0,0,0,0.57,45.7,1,4,0,0,0,0,0,0,0,1,0,0,0,0,0,1,1,1,6,1,1
127.0,0,0,1,0,0,0,1,1,0,0,0,0,0,0,0,0,0,0,0,0,0,0,0,0,0.57,46.7,1,4,0,0,0,0,0,0,0,1,0,0,0,0,1,0,1,1,6,1,1
30.0,0,0,1,0,0,0,1,1,1,0,0,0,1,0,1,0,1,0,0,0,1,0,0,0,0.74,37.75,0,2,1,0,0,0,0,0,0,1,0,0,0,0,1,1,1,1,8,1,1
26.0,0,0,1,0,1,0,1,1,0,0,0,0,0,0,0,1,0,0,0,1,0,0,1,1,0.5,54.0,1,2,0,0,0,0,0,0,0,1,0,0,0,0,0,1,0,1,11,1,1
26.0,0,0,1,0,1,0,1,1,0,0,0,0,0,0,0,1,0,0,0,1,0,0,1,1,0.5,67.0,1,2,0,0,0,0,0,0,0,1,0,0,0,0,1,0,0,1,11,1,1
26.0,0,0,1,0,0,0,1,1,0,0,0,0,0,0,0,1,0,0,0,1,0,0,1,1,0.5,43.0,1,2,0,0,0,0,0,0,0,1,0,0,0,0,0,1,0,1,11,1,1
26.0,0,0,1,0,0,0,1,1,0,0,0,0,0,0,0,1,0,0,0,1,0,0,1,1,0.5,56.0,1,2,0,0,0,0,0,0,0,1,0,0,0,0,1,0,0,1,11,1,1
26.0,0,1,0,0,0,0,1,1,0,0,0,0,0,0,0,1,0,0,0,1,0,0,1,1,0.5,38.0,1,2,0,0,0,0,0,0,0,1,0,0,0,0,0,1,0,1,11,1,1
26.0,0,1,0,0,0,0,1,1,0,0,0,0,0,0,0,1,0,0,0,1,0,0,1,1,0.5,49.0,1,2,0,0,0,0,0,0,0,1,0,0,0,0,1,0,0,1,11,1,1
29.0,0,1,0,0,0,0,1,0,0,0,0,0,0,0,0,0,0,0,0,0,0,0,0,0,0.6,25.25,0,1,0,0,0,0,0,0,0,1,0,0,0,0,0,1,0,1,11,1,1
29.0,0,1,0,0,0,0,1,0,0,0,0,0,0,0,0,0,0,0,0,0,0,0,0,0,0.6,29.25,0,1,0,0,0,0,0,0,0,1,0,0,0,0,1,0,0,1,11,1,1
127.0,1,1,0,0,0,0,1,0,0,0,0,0,0,0,0,0,0,0,0,0,0,0,0,1,0.92,34.0,0,4,1,0,0,0,0,0,0,1,0,0,0,0,1,1,1,1,11,0,1
127.0,0,0,1,0,1,0,0,0,0,0,0,0,0,0,0,0,0,0,0,0,0,0,0,0,0.62,58.3,1,5,1,0,0,0,0,0,0,1,0,0,0,0,0,1,1,1,11,1,1
127.0,0,0,1,0,1,0,0,0,0,0,0,0,0,0,0,0,0,0,0,0,0,0,0,0,0.62,94.3,1,5,1,0,0,0,0,0,0,1,0,0,0,0,1,0,1,1,11,1,1
127.0,0,0,1,0,0,0,0,0,0,0,0,0,0,0,0,0,0,0,0,0,0,0,0,0,0.62,40.3,1,5,1,0,0,0,0,0,0,1,0,0,0,0,0,1,1,1,11,1,1
127.0,0,0,1,0,0,0,0,0,0,0,0,0,0,0,0,0,0,0,0,0,0,0,0,0,0.62,64.3,1,5,1,0,0,0,0,0,0,1,0,0,0,0,1,0,1,1,11,1,1
127.0,0,1,0,0,0,0,0,0,0,0,0,0,0,0,0,0,0,0,0,0,0,0,0,0,0.62,38.3,1,5,1,0,0,0,0,0,0,1,0,0,0,0,0,1,1,1,11,1,1
127.0,0,1,0,0,0,0,0,0,0,0,0,0,0,0,0,0,0,0,0,0,0,0,0,0,0.62,59.3,1,5,1,0,0,0,0,0,0,1,0,0,0,0,1,0,1,1,11,1,1
55.0,0,1,0,0,0,0,0,1,0,0,0,0,0,0,0,0,0,0,0,0,0,0,1,0,1.0,38.3,0,4,1,0,0,0,0,0,0,1,0,0,0,0,1,0,0,0,11,1,1
55.0,0,1,0,0,1,0,0,1,0,0,0,0,0,0,0,0,0,0,0,0,0,0,1,0,1.0,46.3,0,4,1,0,0,0,0,0,0,1,0,0,0,0,1,0,0,0,11,1,1
55.0,0,1,0,0,0,0,0,1,0,0,0,0,0,0,0,0,0,0,0,0,0,0,1,0,1.0,31.3,0,4,1,0,0,0,0,0,0,1,0,0,0,0,0,1,0,0,11,1,1
55.0,0,1,0,0,1,0,0,1,0,0,0,0,0,0,0,0,0,0,0,0,0,0,1,0,1.0,33.3,0,4,1,0,0,0,0,0,0,1,0,0,0,0,0,1,0,0,11,1,1
127.0,0,1,0,0,0,0,0,1,0,0,0,0,0,0,0,0,0,0,0,0,0,0,0,0,0.58,37.3,0,4,1,0,0,0,0,0,0,1,0,0,0,0,0,1,0,1,11,1,1
127.0,0,1,0,0,0,0,0,1,0,0,0,0,0,0,0,0,0,0,0,0,0,0,0,0,0.58,55.3,0,4,1,0,0,0,0,0,0,1,0,0,0,0,1,0,0,1,11,1,1
127.0,0,1,0,0,1,0,0,1,0,0,0,0,0,0,0,0,0,0,0,0,0,0,0,0,0.58,51.3,0,4,1,0,0,0,0,0,0,1,0,0,0,0,0,1,0,1,11,1,1
127.0,0,1,0,0,1,0,0,1,0,0,0,0,0,0,0,0,0,0,0,0,0,0,0,0,0.58,72.3,0,4,1,0,0,0,0,0,0,1,0,0,0,0,1,0,0,1,11,1,1
75.0,0,1,0,0,0,0,0,0,0,0,0,0,0,0,0,0,0,0,0,0,0,0,0,1,0.58,23.6,0,2,0,0,0,0,0,0,0,1,0,0,0,0,1,0,0,1,11,1,1
127.0,1,1,0,0,0,0,0,0,0,0,0,0,0,0,0,0,0,0,0,0,0,0,0,1,0.56,38.3,0,4,2,0,0,0,0,0,0,1,0,0,0,0,0,1,1,1,11,0,0
127.0,1,1,0,0,0,0,0,0,0,0,0,0,0,0,0,0,0,0,0,0,0,0,0,1,0.56,51.3,0,4,2,0,0,0,0,0,0,1,0,0,0,0,1,0,1,1,11,0,0
127.0,1,0,1,0,0,0,0,0,0,0,0,0,0,0,0,0,0,0,0,0,0,0,0,1,0.56,48.3,0,4,2,0,0,0,0,0,0,1,0,0,0,0,0,1,1,1,11,0,0
127.0,1,0,1,0,0,0,0,0,0,0,0,0,0,0,0,0,0,0,0,0,0,0,0,1,0.56,61.3,0,4,2,0,0,0,0,0,0,1,0,0,0,0,1,0,1,1,11,0,0
115.0,0,1,0,0,0,0,0,0,0,0,0,0,0,0,0,0,0,0,0,0,0,0,0,1,1.0,25.0,0,3,0,0,0,0,0,0,0,1,0,0,0,0,1,1,0,1,4,1,1
120.0,1,1,0,0,0,0,1,1,0,0,0,0,0,0,0,0,0,0,0,0,0,0,0,0,0.54,26.7,0,2,0,0,0,0,0,0,0,1,0,0,0,0,1,1,0,1,5,1,1
127.0,0,1,0,0,0,0,0,0,0,0,0,0,0,0,0,0,0,0,0,0,0,0,1,1,1.0,37.3,0,4,2,0,0,0,0,0,0,1,0,0,0,0,0,1,0,1,9,1,0
127.0,0,1,0,0,0,0,0,0,0,0,0,0,0,0,0,0,0,0,0,0,0,0,1,1,1.0,50.3,0,4,2,0,0,0,0,0,0,1,0,0,0,0,1,0,0,1,9,1,0
127.0,0,1,0,0,1,0,0,0,0,0,0,0,0,0,0,0,0,0,0,0,0,0,1,1,1.0,52.3,0,4,2,0,0,0,0,0,0,1,0,0,0,0,0,1,0,1,9,1,0
127.0,0,1,0,0,1,0,0,0,0,0,0,0,0,0,0,0,0,0,0,0,0,0,1,1,1.0,62.3,0,4,2,0,0,0,0,0,0,1,0,0,0,0,1,0,0,1,9,1,0
127.0,0,0,0,1,0,0,0,0,0,0,0,0,0,0,0,0,0,0,0,0,0,0,1,1,1.0,62.3,0,4,2,0,0,0,0,0,0,1,0,0,0,0,0,1,0,1,9,1,0
127.0,0,0,0,1,0,0,0,0,0,0,0,0,0,0,0,0,0,0,0,0,0,0,1,1,1.0,92.3,0,4,2,0,0,0,0,0,0,1,0,0,0,0,1,0,0,1,9,1,0
120.0,0,1,0,0,0,0,0,1,0,0,0,0,0,0,0,0,0,0,0,0,0,0,0,0,0.53,33.25,0,3,0,0,0,0,0,0,0,1,0,0,0,0,1,1,1,0,8,1,1
96.0,0,1,0,0,0,1,1,1,0,0,0,1,0,0,0,0,0,0,0,0,1,0,0,0,0.57,33.2,1,3,0,0,0,0,0,0,0,1,0,0,0,0,1,1,1,1,9,1,0
127.0,0,1,0,0,0,0,0,1,0,0,0,0,0,0,0,0,0,0,0,0,0,0,0,0,0.55,35.0,0,2,0,0,0,0,0,0,0,1,0,0,0,0,0,1,0,0,9,1,1
127.0,0,1,0,0,0,0,0,1,0,0,0,0,0,0,0,0,0,0,0,0,0,0,0,0,0.55,39.0,0,2,0,0,0,0,0,0,0,1,0,0,0,0,1,0,0,0,9,1,1
180.0,0,1,0,0,1,0,1,1,0,0,0,1,1,0,0,0,0,1,0,1,1,0,0,0,0.58,44.3,0,0,0,0,0,0,0,0,0,1,0,0,0,0,0,1,1,1,9,1,1
180.0,0,1,0,0,1,0,1,1,0,0,0,1,1,0,0,0,0,1,0,1,1,0,0,0,0.58,57.3,0,0,0,0,0,0,0,0,0,1,0,0,0,0,1,0,1,1,9,1,1
180.0,0,1,0,0,0,0,1,1,0,0,0,1,1,0,0,0,0,1,0,1,1,0,0,0,0.58,40.3,0,0,0,0,0,0,0,0,0,1,0,0,0,0,0,1,1,1,9,1,1
180.0,0,1,0,0,0,0,1,1,0,0,0,1,1,0,0,0,0,1,0,1,1,0,0,0,0.58,50.3,0,0,0,0,0,0,0,0,0,1,0,0,0,0,1,0,1,1,9,1,1
31.0,0,1,0,0,0,0,0,1,0,0,0,0,0,0,0,0,0,0,0,0,0,0,0,0,0.55,31.15,0,2,1,0,0,0,0,0,0,1,0,0,0,0,1,1,0,0,2,1,1
48.0,1,1,0,0,0,0,1,1,1,0,1,0,1,0,0,0,0,0,0,1,1,0,0,0,0.45,30.25,1,3,0,0,0,0,0,0,0,1,0,0,0,0,1,1,1,1,3,0,1
88.0,0,1,0,0,1,1,1,1,1,0,0,1,1,0,0,1,0,0,0,1,1,1,1,0,0.57,49.3,1,3,1,0,0,0,0,0,0,1,0,0,0,0,0,1,1,1,11,1,1
88.0,0,1,0,0,1,1,1,1,1,0,0,1,1,0,0,1,0,0,0,1,1,1,1,0,0.57,57.3,1,3,1,0,0,0,0,0,0,1,0,0,0,0,1,0,1,1,11,1,1
88.0,0,1,0,0,0,1,1,1,1,0,0,1,1,0,0,1,0,0,0,1,1,1,1,0,0.57,41.3,1,3,1,0,0,0,0,0,0,1,0,0,0,0,0,1,1,1,11,1,1
88.0,0,1,0,0,0,1,1,1,1,0,0,1,1,0,0,1,0,0,0,1,1,1,1,0,0.57,50.3,1,3,1,0,0,0,0,0,0,1,0,0,0,0,1,0,1,1,11,1,1
88.0,0,0,1,0,1,1,1,1,1,0,0,1,1,0,0,1,0,0,0,1,1,1,1,0,0.57,94.3,1,3,1,0,0,0,0,0,0,1,0,0,0,0,0,1,1,1,11,1,1
88.0,0,0,1,0,1,1,1,1,1,0,0,1,1,0,0,1,0,0,0,1,1,1,1,0,0.57,121.3,1,3,1,0,0,0,0,0,0,1,0,0,0,0,1,0,1,1,11,1,1
88.0,0,0,1,0,0,1,1,1,1,0,0,1,1,0,0,1,0,0,0,1,1,1,1,0,0.57,84.3,1,3,1,0,0,0,0,0,0,1,0,0,0,0,0,1,1,1,11,1,1
88.0,0,0,1,0,0,1,1,1,1,0,0,1,1,0,0,1,0,0,0,1,1,1,1,0,0.57,111.3,1,3,1,0,0,0,0,0,0,1,0,0,0,0,1,0,1,1,11,1,1
64.0,1,1,0,0,0,0,0,1,0,0,0,0,0,0,0,0,0,0,0,0,0,0,0,1,0.45,44.3,0,4,2,0,0,0,0,0,0,1,0,0,0,0,0,1,1,1,8,0,1
64.0,1,1,0,0,0,0,0,1,0,0,0,0,0,0,0,0,0,0,0,0,0,0,0,1,0.45,53.3,0,4,2,0,0,0,0,0,0,1,0,0,0,0,1,0,1,1,8,0,1
10.0,1,0,1,0,0,0,0,0,0,0,0,0,0,0,0,0,0,0,0,0,0,0,0,0,1.0,33.6,0,0,0,0,0,0,0,0,0,1,0,0,0,0,1,1,0,1,2,0,0
127.0,1,1,0,0,0,0,1,1,0,0,0,0,0,0,0,0,0,0,0,0,0,0,0,0,0.59,37.9,0,4,2,1,0,0,0,0,0,0,0,0,0,0,0,1,1,0,11,1,1
127.0,1,1,0,0,0,0,1,1,0,0,0,0,0,0,0,0,0,0,0,0,0,0,0,0,0.59,45.9,0,4,2,1,0,0,0,0,0,0,0,0,0,0,1,0,1,0,11,1,1
60.0,0,1,0,0,0,0,1,1,0,0,1,1,0,0,0,0,0,0,0,0,0,0,0,0,0.58,34.5,0,3,0,1,0,0,0,0,0,0,0,0,0,0,1,1,1,0,2,1,1
15.0,0,1,0,0,0,0,1,1,0,0,0,0,0,0,0,0,0,0,0,0,0,0,0,0,0.38,26.5,0,3,1,1,0,0,0,0,0,0,0,0,0,0,1,0,0,1,8,1,1
15.0,0,1,0,0,0,0,1,1,0,0,0,0,0,0,0,0,0,0,0,0,0,0,0,0,0.38,21.9,0,3,1,1,0,0,0,0,0,0,0,0,0,0,0,1,0,1,8,1,1
25.0,0,1,0,0,0,0,1,1,0,0,0,0,0,0,0,0,0,0,0,0,0,0,0,0,1.0,22.5,0,2,1,1,0,0,0,0,0,0,0,0,0,0,1,1,0,1,1,0,1
50.0,1,1,0,0,0,0,1,1,0,0,0,0,0,0,0,0,0,0,0,0,0,0,0,0,1.0,26.0,0,3,0,1,0,0,0,0,0,0,0,0,0,0,1,1,0,0,1,1,1
127.0,1,1,0,0,0,0,1,1,0,0,0,0,0,0,0,0,0,0,0,0,0,0,0,0,0.56,34.6,0,4,2,1,0,0,0,0,0,0,0,0,0,0,1,0,0,1,8,1,0
127.0,1,1,0,0,0,0,1,1,0,0,0,0,0,0,0,0,0,0,0,0,0,0,0,0,0.56,47.6,0,4,2,1,0,0,0,0,0,0,0,0,0,0,0,1,0,1,8,1,0
127.0,1,0,1,0,0,0,1,1,0,0,0,0,0,0,0,0,0,0,0,0,0,0,0,0,0.56,44.6,0,4,2,1,0,0,0,0,0,0,0,0,0,0,1,0,0,1,8,1,0
127.0,1,0,1,0,0,0,1,1,0,0,0,0,0,0,0,0,0,0,0,0,0,0,0,0,0.56,57.6,0,4,2,1,0,0,0,0,0,0,0,0,0,0,0,1,0,1,8,1,0
92.0,1,1,0,0,1,1,1,1,0,0,1,1,1,0,0,1,0,0,0,1,1,1,0,0,0.58,38.8,0,4,1,1,0,0,0,0,0,0,0,0,0,0,0,1,1,1,3,0,1
92.0,1,0,1,0,1,1,1,1,0,0,1,1,1,0,0,1,0,0,0,1,1,1,0,0,0.58,46.9,0,4,1,1,0,0,0,0,0,0,0,0,0,0,0,1,1,1,3,0,1
92.0,1,0,0,1,1,1,1,1,0,0,1,1,1,0,0,1,0,0,0,1,1,1,0,0,0.58,52.6,0,4,1,1,0,0,0,0,0,0,0,0,0,0,0,1,1,1,3,0,1
92.0,1,1,0,0,0,1,1,1,0,0,1,1,1,0,0,1,0,0,0,1,1,1,0,0,0.58,31.8,0,4,1,1,0,0,0,0,0,0,0,0,0,0,0,1,1,1,3,0,1
92.0,1,0,1,0,0,1,1,1,0,0,1,1,1,0,0,1,0,0,0,1,1,1,0,0,0.58,42.2,0,4,1,1,0,0,0,0,0,0,0,0,0,0,0,1,1,1,3,0,1
92.0,1,1,0,0,1,1,1,1,0,0,1,1,1,0,0,1,0,0,0,1,1,1,0,0,0.58,62.9,0,4,1,1,0,0,0,0,0,0,0,0,0,0,1,0,1,1,3,0,1
92.0,1,0,1,0,1,1,1,1,0,0,1,1,1,0,0,1,0,0,0,1,1,1,0,0,0.58,78.28,0,4,1,1,0,0,0,0,0,0,0,0,0,0,1,0,1,1,3,0,1
92.0,1,0,0,1,1,1,1,1,0,0,1,1,1,0,0,1,0,0,0,1,1,1,0,0,0.58,89.18,0,4,1,1,0,0,0,0,0,0,0,0,0,0,1,0,1,1,3,0,1
92.0,1,1,0,0,0,1,1,1,0,0,1,1,1,0,0,1,0,0,0,1,1,1,0,0,0.58,49.5,0,4,1,1,0,0,0,0,0,0,0,0,0,0,1,0,1,1,3,0,1
92.0,1,0,1,0,0,1,1,1,0,0,1,1,1,0,0,1,0,0,0,1,1,1,0,0,0.58,69.35,0,4,1,1,0,0,0,0,0,0,0,0,0,0,1,0,1,1,3,0,1
50.0,0,1,0,0,0,0,0,1,1,0,0,0,0,0,0,0,0,0,0,0,0,0,0,0,0.58,31.2,0,3,0,1,0,0,0,0,0,0,0,0,0,0,1,1,0,1,7,0,0
50.0,0,0,1,0,0,0,0,1,1,0,0,0,0,0,0,0,0,0,0,0,0,0,0,0,0.58,37.2,0,3,0,1,0,0,0,0,0,0,0,0,0,0,1,1,0,1,7,0,0
25.0,0,1,0,0,0,0,1,1,0,0,0,0,0,0,0,0,0,0,0,0,0,0,0,0,0.58,26.7,0,3,1,1,0,0,0,0,0,0,0,0,0,0,0,1,0,0,5,1,1
25.0,0,1,0,0,0,0,1,1,0,0,0,0,0,0,0,0,0,0,0,0,0,0,0,0,0.58,28.7,0,3,1,1,0,0,0,0,0,0,0,0,0,0,1,0,0,0,5,1,1
20.0,0,1,0,0,0,1,1,1,1,0,1,0,0,0,0,1,0,0,0,0,1,0,0,0,1.0,30.5,0,3,2,1,0,0,0,0,0,0,0,0,0,0,1,1,1,1,0,0,1
